[{"@type":"dssTask","id":"@1","name":"SyncTask_SavedQuery1","description":"","maxLogs":10,"scheduleId":"@2","sourceConnectionId":"@116vez42SY8frasbRWb5s9","targetConnectionId":"@4MeqUvLY3Kal820pdS6iIA","targetObject":"SavedQuery11.csv","operation":"Insert","maxRows":0,"truncateTarget":false,"bulkApiDBTarget":false,"verbose":false,"tgtFlatFileAttrs":{"@type":"flatFileAttrs","id":82489231,"delimiter":",","textQualifier":"\"","escapeChar":"","headerLineNo":1,"firstDataRow":2},"targetMetadataUpdated":false,"modelVersion":"V3-R600","customSourceId":"@8EkAnq8mSZJiWC1j4gLXqv","queryAll":false,"srcSettings":{"@type":"taskDataSourceSetting","isShowLabels":false,"isNaturalOrder":true},"tgtSettings":{"@type":"taskDataSourceSetting","isShowLabels":false,"isNaturalOrder":true},"cfSettings":{"@type":"taskDataSourceSetting","isShowLabels":false,"isNaturalOrder":false},"bulkApi":false,"bulkApiSerialMode":false,"bulkApiMonitor":false,"isTargetObjectSfCustom":false,"allowNullUpdates":false,"targetBatchSize":200,"assignmentRuleId":"-1","assignmentRuleType":"None","createSuccessFile":false,"bulkApiHardDelete":false,"srcRuntimeAttrs":{"@type":"taskRuntimeAttrs","attrs":{}},"tgtRuntimeAttrs":{"@type":"taskRuntimeAttrs","attrs":{}},"parameterFileEncoding":"UTF-8","serverlessProperties":{},"sourceObjects":[],"advancedFilters":[],"filters":[],"fieldMaps":[{"@type":"fieldMap","id":"69296161","targetField":{"@type":"field","id":233191696,"name":"CUST_ID","type":"nstring","uniqueName":"CUST_ID","label":"CUST_ID","parentObject":"SavedQuery11.csv","pcType":"UNISTRING","precision":6,"scale":0,"columnIndex":0,"isKey":false,"isWaterMarkKey":false,"isExternalId":false,"isSfIdLookup":false,"isNullable":true,"isUnique":false,"isCreateable":false,"isUpdateable":true,"isFilterable":true,"isCalculated":false,"filterType":"STRING","showLabel":false,"naturalOrder":0,"typeConfigFields":[],"linkedFields":["CUST_ID"],"relatedInfos":[],"references":[]},"expression":"CUST_ID"},{"@type":"fieldMap","id":"69296164","targetField":{"@type":"field","id":233191699,"name":"NAME","type":"nstring","uniqueName":"NAME","label":"NAME","parentObject":"SavedQuery11.csv","pcType":"UNISTRING","precision":30,"scale":0,"columnIndex":1,"isKey":false,"isWaterMarkKey":false,"isExternalId":false,"isSfIdLookup":false,"isNullable":true,"isUnique":false,"isCreateable":false,"isUpdateable":true,"isFilterable":true,"isCalculated":false,"filterType":"STRING","showLabel":false,"naturalOrder":0,"typeConfigFields":[],"linkedFields":["NAME"],"relatedInfos":[],"references":[]},"expression":"NAME"},{"@type":"fieldMap","id":"69296167","targetField":{"@type":"field","id":233191702,"name":"ADDRESS","type":"nstring","uniqueName":"ADDRESS","label":"ADDRESS","parentObject":"SavedQuery11.csv","pcType":"UNISTRING","precision":60,"scale":0,"columnIndex":2,"isKey":false,"isWaterMarkKey":false,"isExternalId":false,"isSfIdLookup":false,"isNullable":true,"isUnique":false,"isCreateable":false,"isUpdateable":true,"isFilterable":true,"isCalculated":false,"filterType":"STRING","showLabel":false,"naturalOrder":0,"typeConfigFields":[],"linkedFields":["ADDRESS"],"relatedInfos":[],"references":[]},"expression":"ADDRESS"},{"@type":"fieldMap","id":"69296170","targetField":{"@type":"field","id":233191705,"name":"CITY","type":"nstring","uniqueName":"CITY","label":"CITY","parentObject":"SavedQuery11.csv","pcType":"UNISTRING","precision":30,"scale":0,"columnIndex":3,"isKey":false,"isWaterMarkKey":false,"isExternalId":false,"isSfIdLookup":false,"isNullable":true,"isUnique":false,"isCreateable":false,"isUpdateable":true,"isFilterable":true,"isCalculated":false,"filterType":"STRING","showLabel":false,"naturalOrder":0,"typeConfigFields":[],"linkedFields":["CITY"],"relatedInfos":[],"references":[]},"expression":"CITY"},{"@type":"fieldMap","id":"69296173","targetField":{"@type":"field","id":233191708,"name":"STATE","type":"nstring","uniqueName":"STATE","label":"STATE","parentObject":"SavedQuery11.csv","pcType":"UNISTRING","precision":2,"scale":0,"columnIndex":4,"isKey":false,"isWaterMarkKey":false,"isExternalId":false,"isSfIdLookup":false,"isNullable":true,"isUnique":false,"isCreateable":false,"isUpdateable":true,"isFilterable":true,"isCalculated":false,"filterType":"STRING","showLabel":false,"naturalOrder":0,"typeConfigFields":[],"linkedFields":["STATE"],"relatedInfos":[],"references":[]},"expression":"STATE"},{"@type":"fieldMap","id":"69296176","targetField":{"@type":"field","id":233191711,"name":"POSTALCODE","type":"nstring","uniqueName":"POSTALCODE","label":"POSTALCODE","parentObject":"SavedQuery11.csv","pcType":"UNISTRING","precision":5,"scale":0,"columnIndex":5,"isKey":false,"isWaterMarkKey":false,"isExternalId":false,"isSfIdLookup":false,"isNullable":true,"isUnique":false,"isCreateable":false,"isUpdateable":true,"isFilterable":true,"isCalculated":false,"filterType":"STRING","showLabel":false,"naturalOrder":0,"typeConfigFields":[],"linkedFields":["POSTALCODE"],"relatedInfos":[],"references":[]},"expression":"POSTALCODE"},{"@type":"fieldMap","id":"69296179","targetField":{"@type":"field","id":233191714,"name":"COUNTRY","type":"nstring","uniqueName":"COUNTRY","label":"COUNTRY","parentObject":"SavedQuery11.csv","pcType":"UNISTRING","precision":15,"scale":0,"columnIndex":6,"isKey":false,"isWaterMarkKey":false,"isExternalId":false,"isSfIdLookup":false,"isNullable":true,"isUnique":false,"isCreateable":false,"isUpdateable":true,"isFilterable":true,"isCalculated":false,"filterType":"STRING","showLabel":false,"naturalOrder":0,"typeConfigFields":[],"linkedFields":["COUNTRY"],"relatedInfos":[],"references":[]},"expression":"COUNTRY"},{"@type":"fieldMap","id":"69296182","targetField":{"@type":"field","id":233191717,"name":"PHONE","type":"nstring","uniqueName":"PHONE","label":"PHONE","parentObject":"SavedQuery11.csv","pcType":"UNISTRING","precision":20,"scale":0,"columnIndex":7,"isKey":false,"isWaterMarkKey":false,"isExternalId":false,"isSfIdLookup":false,"isNullable":true,"isUnique":false,"isCreateable":false,"isUpdateable":true,"isFilterable":true,"isCalculated":false,"filterType":"STRING","showLabel":false,"naturalOrder":0,"typeConfigFields":[],"linkedFields":["PHONE"],"relatedInfos":[],"references":[]},"expression":"PHONE"},{"@type":"fieldMap","id":"69296185","targetField":{"@type":"field","id":233191720,"name":"LAST_ORDER_DATE","type":"datetime","uniqueName":"LAST_ORDER_DATE","label":"LAST_ORDER_DATE","parentObject":"SavedQuery11.csv","pcType":"DATE","precision":19,"scale":0,"columnIndex":8,"isKey":false,"isWaterMarkKey":false,"isExternalId":false,"isSfIdLookup":false,"isNullable":true,"isUnique":false,"isCreateable":false,"isUpdateable":true,"isFilterable":true,"isCalculated":false,"filterType":"DATETIME","showLabel":false,"naturalOrder":0,"typeConfigFields":[],"linkedFields":["LAST_ORDER_DATE"],"relatedInfos":[],"references":[]},"expression":"LAST_ORDER_DATE"},{"@type":"fieldMap","id":"69296188","targetField":{"@type":"field","id":233191723,"name":"STATUS","type":"nstring","uniqueName":"STATUS","label":"STATUS","parentObject":"SavedQuery11.csv","pcType":"UNISTRING","precision":10,"scale":0,"columnIndex":9,"isKey":false,"isWaterMarkKey":false,"isExternalId":false,"isSfIdLookup":false,"isNullable":true,"isUnique":false,"isCreateable":false,"isUpdateable":true,"isFilterable":true,"isCalculated":false,"filterType":"STRING","showLabel":false,"naturalOrder":0,"typeConfigFields":[],"linkedFields":["STATUS"],"relatedInfos":[],"references":[]},"expression":"STATUS"},{"@type":"fieldMap","id":"69296191","targetField":{"@type":"field","id":233191726,"name":"TIER","type":"nstring","uniqueName":"TIER","label":"TIER","parentObject":"SavedQuery11.csv","pcType":"UNISTRING","precision":5,"scale":0,"columnIndex":10,"isKey":false,"isWaterMarkKey":false,"isExternalId":false,"isSfIdLookup":false,"isNullable":true,"isUnique":false,"isCreateable":false,"isUpdateable":true,"isFilterable":true,"isCalculated":false,"filterType":"STRING","showLabel":false,"naturalOrder":0,"typeConfigFields":[],"linkedFields":["TIER"],"relatedInfos":[],"references":[]},"expression":"TIER"},{"@type":"fieldMap","id":"69296194","targetField":{"@type":"field","id":233191729,"name":"MODIFIED_DATE","type":"datetime","uniqueName":"MODIFIED_DATE","label":"MODIFIED_DATE","parentObject":"SavedQuery11.csv","pcType":"DATE","precision":19,"scale":0,"columnIndex":11,"isKey":false,"isWaterMarkKey":false,"isExternalId":false,"isSfIdLookup":false,"isNullable":true,"isUnique":false,"isCreateable":false,"isUpdateable":true,"isFilterable":true,"isCalculated":false,"filterType":"DATETIME","showLabel":false,"naturalOrder":0,"typeConfigFields":[],"linkedFields":["MODIFIED_DATE"],"relatedInfos":[],"references":[]},"expression":"MODIFIED_DATE"}],"sourceFields":[{"@type":"field","id":233186224,"name":"CUST_ID","type":"varchar","uniqueName":"CUST_ID","label":"CUST_ID","parentObject":"SavedQuery1","pcType":"STRING","precision":6,"scale":0,"columnIndex":0,"isKey":false,"isWaterMarkKey":false,"isExternalId":false,"isSfIdLookup":false,"isNullable":true,"isUnique":false,"isCreateable":false,"isUpdateable":true,"isFilterable":true,"isCalculated":false,"filterType":"STRING","showLabel":false,"naturalOrder":0,"typeConfigFields":[],"linkedFields":["CUST_ID"],"relatedInfos":[],"references":[]},{"@type":"field","id":233186227,"name":"NAME","type":"varchar","uniqueName":"NAME","label":"NAME","parentObject":"SavedQuery1","pcType":"STRING","precision":30,"scale":0,"columnIndex":1,"isKey":false,"isWaterMarkKey":false,"isExternalId":false,"isSfIdLookup":false,"isNullable":true,"isUnique":false,"isCreateable":false,"isUpdateable":true,"isFilterable":true,"isCalculated":false,"filterType":"STRING","showLabel":false,"naturalOrder":0,"typeConfigFields":[],"linkedFields":["NAME"],"relatedInfos":[],"references":[]},{"@type":"field","id":233186230,"name":"ADDRESS","type":"varchar","uniqueName":"ADDRESS","label":"ADDRESS","parentObject":"SavedQuery1","pcType":"STRING","precision":60,"scale":0,"columnIndex":2,"isKey":false,"isWaterMarkKey":false,"isExternalId":false,"isSfIdLookup":false,"isNullable":true,"isUnique":false,"isCreateable":false,"isUpdateable":true,"isFilterable":true,"isCalculated":false,"filterType":"STRING","showLabel":false,"naturalOrder":0,"typeConfigFields":[],"linkedFields":["ADDRESS"],"relatedInfos":[],"references":[]},{"@type":"field","id":233186233,"name":"CITY","type":"varchar","uniqueName":"CITY","label":"CITY","parentObject":"SavedQuery1","pcType":"STRING","precision":30,"scale":0,"columnIndex":3,"isKey":false,"isWaterMarkKey":false,"isExternalId":false,"isSfIdLookup":false,"isNullable":true,"isUnique":false,"isCreateable":false,"isUpdateable":true,"isFilterable":true,"isCalculated":false,"filterType":"STRING","showLabel":false,"naturalOrder":0,"typeConfigFields":[],"linkedFields":["CITY"],"relatedInfos":[],"references":[]},{"@type":"field","id":233186236,"name":"STATE","type":"varchar","uniqueName":"STATE","label":"STATE","parentObject":"SavedQuery1","pcType":"STRING","precision":2,"scale":0,"columnIndex":4,"isKey":false,"isWaterMarkKey":false,"isExternalId":false,"isSfIdLookup":false,"isNullable":true,"isUnique":false,"isCreateable":false,"isUpdateable":true,"isFilterable":true,"isCalculated":false,"filterType":"STRING","showLabel":false,"naturalOrder":0,"typeConfigFields":[],"linkedFields":["STATE"],"relatedInfos":[],"references":[]},{"@type":"field","id":233186239,"name":"POSTALCODE","type":"varchar","uniqueName":"POSTALCODE","label":"POSTALCODE","parentObject":"SavedQuery1","pcType":"STRING","precision":5,"scale":0,"columnIndex":5,"isKey":false,"isWaterMarkKey":false,"isExternalId":false,"isSfIdLookup":false,"isNullable":true,"isUnique":false,"isCreateable":false,"isUpdateable":true,"isFilterable":true,"isCalculated":false,"filterType":"STRING","showLabel":false,"naturalOrder":0,"typeConfigFields":[],"linkedFields":["POSTALCODE"],"relatedInfos":[],"references":[]},{"@type":"field","id":233186242,"name":"COUNTRY","type":"varchar","uniqueName":"COUNTRY","label":"COUNTRY","parentObject":"SavedQuery1","pcType":"STRING","precision":15,"scale":0,"columnIndex":6,"isKey":false,"isWaterMarkKey":false,"isExternalId":false,"isSfIdLookup":false,"isNullable":true,"isUnique":false,"isCreateable":false,"isUpdateable":true,"isFilterable":true,"isCalculated":false,"filterType":"STRING","showLabel":false,"naturalOrder":0,"typeConfigFields":[],"linkedFields":["COUNTRY"],"relatedInfos":[],"references":[]},{"@type":"field","id":233186245,"name":"PHONE","type":"varchar","uniqueName":"PHONE","label":"PHONE","parentObject":"SavedQuery1","pcType":"STRING","precision":20,"scale":0,"columnIndex":7,"isKey":false,"isWaterMarkKey":false,"isExternalId":false,"isSfIdLookup":false,"isNullable":true,"isUnique":false,"isCreateable":false,"isUpdateable":true,"isFilterable":true,"isCalculated":false,"filterType":"STRING","showLabel":false,"naturalOrder":0,"typeConfigFields":[],"linkedFields":["PHONE"],"relatedInfos":[],"references":[]},{"@type":"field","id":233186248,"name":"LAST_ORDER_DATE","type":"timestamp","uniqueName":"LAST_ORDER_DATE","label":"LAST_ORDER_DATE","parentObject":"SavedQuery1","pcType":"DATE","precision":23,"scale":3,"columnIndex":8,"isKey":false,"isWaterMarkKey":false,"isExternalId":false,"isSfIdLookup":false,"isNullable":true,"isUnique":false,"isCreateable":false,"isUpdateable":true,"isFilterable":true,"isCalculated":false,"filterType":"DATETIME","showLabel":false,"naturalOrder":0,"typeConfigFields":[],"linkedFields":["LAST_ORDER_DATE"],"relatedInfos":[],"references":[]},{"@type":"field","id":233186251,"name":"STATUS","type":"varchar","uniqueName":"STATUS","label":"STATUS","parentObject":"SavedQuery1","pcType":"STRING","precision":10,"scale":0,"columnIndex":9,"isKey":false,"isWaterMarkKey":false,"isExternalId":false,"isSfIdLookup":false,"isNullable":true,"isUnique":false,"isCreateable":false,"isUpdateable":true,"isFilterable":true,"isCalculated":false,"filterType":"STRING","showLabel":false,"naturalOrder":0,"typeConfigFields":[],"linkedFields":["STATUS"],"relatedInfos":[],"references":[]},{"@type":"field","id":233186254,"name":"TIER","type":"varchar","uniqueName":"TIER","label":"TIER","parentObject":"SavedQuery1","pcType":"STRING","precision":5,"scale":0,"columnIndex":10,"isKey":false,"isWaterMarkKey":false,"isExternalId":false,"isSfIdLookup":false,"isNullable":true,"isUnique":false,"isCreateable":false,"isUpdateable":true,"isFilterable":true,"isCalculated":false,"filterType":"STRING","showLabel":false,"naturalOrder":0,"typeConfigFields":[],"linkedFields":["TIER"],"relatedInfos":[],"references":[]},{"@type":"field","id":233186257,"name":"MODIFIED_DATE","type":"timestamp","uniqueName":"MODIFIED_DATE","label":"MODIFIED_DATE","parentObject":"SavedQuery1","pcType":"DATE","precision":23,"scale":3,"columnIndex":11,"isKey":false,"isWaterMarkKey":false,"isExternalId":false,"isSfIdLookup":false,"isNullable":true,"isUnique":false,"isCreateable":false,"isUpdateable":true,"isFilterable":true,"isCalculated":false,"filterType":"DATETIME","showLabel":false,"naturalOrder":0,"typeConfigFields":[],"linkedFields":["MODIFIED_DATE"],"relatedInfos":[],"references":[]}],"sortFields":[],"groupFields":[]}]