[{"@type":"mappingTemplate","id":"@1","name":"Oracle_sort_repro1","description":"","bundleVersion":"0","templateId":"@3","deployTime":1659985242000,"hasParameters":false,"valid":true,"fixedConnection":true,"hasParametersDeployed":false,"fixedConnectionDeployed":true,"tasks":0,"mappingPreviewFileRecordId":"@2","documentType":"MAPPING","references":[{"@type":"reference","refObjectId":"@0a0kPIkOhhigDvVU4xcFCU","refType":"connection"},{"@type":"reference","refObjectId":"@9USXwyHkQlGgRlk1CpCrA2","refType":"connection"}]}]