[{"@type":"mappingTemplate","id":"@1","name":"PS_Parth_UnconnectedLookup","description":"","bundleVersion":"0","templateId":"@3","deployTime":1676062806000,"hasParameters":false,"valid":true,"fixedConnection":true,"hasParametersDeployed":false,"fixedConnectionDeployed":true,"isSchemaValidationEnabled":false,"tasks":0,"mappingPreviewFileRecordId":"@2","documentType":"MAPPING","references":[{"@type":"reference","refObjectId":"@9USXwyHkQlGgRlk1CpCrA2","refType":"connection"},{"@type":"reference","refObjectId":"@4MeqUvLY3Kal820pdS6iIA","refType":"connection"}]}]