[{"@type":"mappingTemplate","id":"@1","name":"Oracleissue_04339344","description":"","autoExpireObject":false,"bundleVersion":"0","assetFrsGuid":"1Ymdf0NIuCTdpsU7OyNkGU","templateId":"@3","deployTime":1657651343000,"hasParameters":false,"valid":true,"fixedConnection":true,"hasParametersDeployed":false,"fixedConnectionDeployed":true,"isSchemaValidationEnabled":false,"tasks":1,"mappingPreviewFileRecordId":"@2","documentType":"MAPPING","allowMaxFieldLength":false,"references":[{"@type":"reference","refObjectId":"@0a0kPIkOhhigDvVU4xcFCU","refType":"connection"},{"@type":"reference","refObjectId":"@9USXwyHkQlGgRlk1CpCrA2","refType":"connection"}]}]