[{"@type":"mappingTemplate","id":"@1","name":"MyPracticeofUnconnectedLookupmapping","description":"","autoExpireObject":false,"bundleVersion":"0","assetFrsGuid":"1qf4qnzGkO9jIcs9rxATiX","templateId":"@3","deployTime":1655232534000,"hasParameters":false,"valid":true,"fixedConnection":true,"hasParametersDeployed":false,"fixedConnectionDeployed":true,"isSchemaValidationEnabled":false,"tasks":0,"mappingPreviewFileRecordId":"@2","documentType":"MAPPING","allowMaxFieldLength":false,"references":[{"@type":"reference","refObjectId":"@0a0kPIkOhhigDvVU4xcFCU","refType":"connection"},{"@type":"reference","refObjectId":"@9USXwyHkQlGgRlk1CpCrA2","refType":"connection"}]}]