[{"@type":"mtTask","id":"@1","name":"PS_Parth_ErrorHandlingMapptask","description":"","autoExpireObject":false,"runtimeEnvironmentId":"@8KunkggLxl9dikHa8cZpe1","maxLogs":10,"verbose":false,"mappingId":"@2eom1CCIItCkSmjvwwrVUA","frsGuid":"1ItLrCc3cqSeePgrCB8kAX","shortDescription":"","sessionPropertiesList":[{"name":"Allow Temporary Sequence for Pushdown","value":"NO","recommended":false},{"name":"Allow Temporary View for Pushdown","value":"NO","recommended":false},{"name":"Error Log Type","value":"Flat File","recommended":false},{"name":"Pushdown Optimization","value":"None","recommended":false}],"hidden":false,"enableCrossSchemaPushdown":true,"enableParallelRun":false,"autoTunedApplied":false,"autoTunedAppliedType":"NONE","paramFileType":"PARAM_FILE_LOCAL","schemaMode":"async","valid":true,"schemaValidationErrorCount":-1,"parameterFileEncoding":"UTF-8","serverlessProperties":{},"taskProperties":[{"@type":"taskProperty","name":"parameterFileDir","currentValue":"","type":"STRING","label":"label.parameterFileDir","required":false},{"@type":"taskProperty","name":"parameterFileName","currentValue":"","type":"STRING","label":"label.parameterFileName","required":false},{"@type":"taskProperty","name":"outboundMessageUrlQueueTime","currentValue":"","type":"NUMBER","label":"label.outboundMessageUrlQueueTime","required":false},{"@type":"taskProperty","name":"outboundMessageUrlToken","currentValue":"","type":"STRING","label":"label.outboundMessageUrlToken","required":false}],"isMidstreamPreview":false,"allowMaxFieldLength":false,"parameters":[{"@type":"mtTaskParameter","id":516799771,"name":"$Source$","type":"EXTENDED_SOURCE","label":"Src_Conn","description":"","uiProperties":{"connectionParameterized":"true","paramName":"Src_Conn","paramLabel":"","paramType-mapping":"Connection","logcnx":"Src_Conn","isSelectDistinct":"false","isMsrcFilterParameterized":"false","isMsrcSortParameterized":"false","objlabel":"Src_obj","origobjlabel":"","objectParameterized":"true","objDesc":"","objectParamName":"Src_obj","objectParamType-mapping":"DataObject","originalPath":"Source"},"sourceConnectionId":"@0a0kPIkOhhigDvVU4xcFCU","newFlatFile":false,"newObject":false,"showBusinessNames":true,"naturalOrder":true,"truncateTarget":false,"bulkApiDBTarget":false,"customFuncCfg":{"@type":"customFuncConfig","id":-1,"connections":[],"inputMap":[],"outputFields":[]},"targetRefsV2":{},"targetUpdateColumns":[],"extendedObject":{"@type":"extendedObject","object":{"@type":"mObject","name":"Error Handling.csv","label":"Error Handling.csv","metadataUpdated":false,"relations":[],"children":[]},"singleMode":true,"objects":[{"@type":"mObject","name":"Error Handling.csv","label":"Error Handling.csv","metadataUpdated":false,"relations":[],"children":[]}],"filters":[],"sortFields":[]},"runtimeAttrs":{},"isRESTModernSource":true,"commandType":0,"isFileList":false,"handleSpecialChars":false,"handleDecimalRoundOff":false,"frsAsset":false,"dynamicFileName":false,"excludeDynamicFileNameField":false,"currentlyProcessedFileName":false,"retainFieldMetadata":false,"useExactSrcNames":false,"userUpdated":true,"fetchMode":"ORIGINAL","tgtObjectAttributes":{},"runtimeParameterData":{"@type":"mtTaskRuntimeParameterData","isConnectionRuntimeParameter":false,"isObjectRuntimeParameter":false,"connectionParameterName":"Src_Conn","objectParameterName":"Src_obj"},"overridableProperties":[{"@type":"overridableProperty","id":"defaultPrecision","labelKey":"Source_defaultPrecision","type":"integer","hidden":false,"required":false,"defaultValue":"","renderingHints":{}},{"@type":"overridableProperty","id":"defaultScale","labelKey":"Source_defaultScale","type":"integer","hidden":false,"required":false,"defaultValue":"","renderingHints":{}},{"@type":"overridableProperty","id":"defaultNativeDataType","labelKey":"Source_defaultNativeDataType","type":"string","hidden":false,"required":false,"defaultValue":"","renderingHints":{}}],"overriddenFields":[]},{"@type":"mtTaskParameter","id":516799774,"name":"$Tgt_Invalid$","type":"TARGET","label":"Tgt_Conn_Invalid","description":"","uiProperties":{"connectionParameterized":"true","paramName":"Tgt_Conn_Invalid","paramLabel":"","paramType-mapping":"Connection","logcnx":"Tgt_Conn_Invalid","objlabel":"Tgt_Obj_Invalid","origobjlabel":"","objectParameterized":"true","objDesc":"","objectParamName":"Tgt_Obj_Invalid","objectParamType-mapping":"DataObject","defaultTargetUpdateColumns":"","fieldMappingParameterized":"true","supportApplyDDLChanges":"false","originalPath":"Tgt_Invalid"},"targetConnectionId":"@0a0kPIkOhhigDvVU4xcFCU","targetObject":"Invalid_Data.csv","targetObjectLabel":"Invalid_Data.csv","newFlatFile":false,"newObject":false,"showBusinessNames":true,"naturalOrder":true,"truncateTarget":false,"bulkApiDBTarget":false,"operationType":"Insert","customFuncCfg":{"@type":"customFuncConfig","id":-1,"connections":[],"inputMap":[],"outputFields":[]},"targetRefsV2":{},"targetUpdateColumns":[],"extendedObject":{"@type":"extendedObject","singleMode":true,"filters":[],"sortFields":[]},"runtimeAttrs":{},"isRESTModernSource":true,"commandType":0,"isFileList":false,"handleSpecialChars":false,"handleDecimalRoundOff":false,"frsAsset":false,"dynamicFileName":false,"excludeDynamicFileNameField":false,"currentlyProcessedFileName":false,"retainFieldMetadata":false,"objectName":"Invalid_Data.csv","objectLabel":"Invalid_Data.csv","useExactSrcNames":false,"userUpdated":true,"fetchMode":"ORIGINAL","tgtObjectAttributes":{},"runtimeParameterData":{"@type":"mtTaskRuntimeParameterData","isConnectionRuntimeParameter":false,"isObjectRuntimeParameter":false,"connectionParameterName":"Tgt_Conn_Invalid","objectParameterName":"Tgt_Obj_Invalid"},"overridableProperties":[],"overriddenFields":[]},{"@type":"mtTaskParameter","id":516799777,"name":"$Tgt_Valid$","type":"TARGET","label":"Tgt_Valid_Conn","description":"","uiProperties":{"connectionParameterized":"true","paramName":"Tgt_Valid_Conn","paramLabel":"","paramType-mapping":"Connection","logcnx":"Tgt_Valid_Conn","objlabel":"Tgt_Obj_Valid","origobjlabel":"","objectParameterized":"true","objDesc":"","objectParamName":"Tgt_Obj_Valid","objectParamType-mapping":"DataObject","defaultTargetUpdateColumns":"","fieldMappingParameterized":"true","supportApplyDDLChanges":"false","originalPath":"Tgt_Valid"},"targetConnectionId":"@0a0kPIkOhhigDvVU4xcFCU","targetObject":"Valid_Data.csv","targetObjectLabel":"Valid_Data.csv","newFlatFile":false,"newObject":false,"showBusinessNames":true,"naturalOrder":true,"truncateTarget":false,"bulkApiDBTarget":false,"operationType":"Insert","customFuncCfg":{"@type":"customFuncConfig","id":-1,"connections":[],"inputMap":[],"outputFields":[]},"targetRefsV2":{},"targetUpdateColumns":[],"extendedObject":{"@type":"extendedObject","singleMode":true,"filters":[],"sortFields":[]},"runtimeAttrs":{},"isRESTModernSource":true,"commandType":0,"isFileList":false,"handleSpecialChars":false,"handleDecimalRoundOff":false,"frsAsset":false,"dynamicFileName":false,"excludeDynamicFileNameField":false,"currentlyProcessedFileName":false,"retainFieldMetadata":false,"objectName":"Valid_Data.csv","objectLabel":"Valid_Data.csv","useExactSrcNames":false,"userUpdated":true,"fetchMode":"ORIGINAL","tgtObjectAttributes":{},"runtimeParameterData":{"@type":"mtTaskRuntimeParameterData","isConnectionRuntimeParameter":false,"isObjectRuntimeParameter":false,"connectionParameterName":"Tgt_Valid_Conn","objectParameterName":"Tgt_Obj_Valid"},"overridableProperties":[],"overriddenFields":[]},{"@type":"mtTaskParameter","id":516799780,"name":"$Field_Map_Invalid$","type":"STRING","text":"nstring (255, 0) BillingSystemId=BillingSystemId;nstring (255, 0) First_Name=First_Name;nstring (255, 0) Last_Name=Last_Name;nstring (255, 0) Title=Title;nstring (255, 0) Mailing_street=Mailing_street;nstring (255, 0) Mailing_city=Mailing_city;nstring (255, 0) Mailing_state=Mailing_state;nstring (255, 0) Mailing_zip=Mailing_zip;nstring (255, 0) Mailing_country=Mailing_country;nstring (255, 0) Phone=Phone;nstring (255, 0) Mobile=Mobile;nstring (255, 0) email_ports=email_ports;nstring (255, 0) Account_Name=Account_Name;nstring (255, 0) date_ports=date_ports;nstring (255, 0) Salary=Salary;","label":"Field_Map_Invalid","description":"","uiProperties":{"paramName":"Field_Map_Invalid","paramLabel":"","paramType-mapping":"FieldMapping","paramtype":"Fieldmap","supressFieldmappingSuffix":"true","lefttitle":"Incoming Fields","righttitle":"Target Fields","isPwxMultiGroupFieldMapping":"false","objlabel":"Target Field Group:","originalPath":"Tgt_Invalid"},"newFlatFile":false,"newObject":false,"showBusinessNames":true,"naturalOrder":true,"truncateTarget":false,"bulkApiDBTarget":false,"customFuncCfg":{"@type":"customFuncConfig","id":-1,"connections":[],"inputMap":[],"outputFields":[]},"targetRefsV2":{},"targetUpdateColumns":[],"runtimeAttrs":{},"isRESTModernSource":true,"commandType":0,"isFileList":false,"handleSpecialChars":false,"handleDecimalRoundOff":false,"frsAsset":false,"dynamicFileName":false,"excludeDynamicFileNameField":false,"currentlyProcessedFileName":false,"retainFieldMetadata":false,"useExactSrcNames":false,"userUpdated":true,"fetchMode":"ORIGINAL","tgtObjectAttributes":{},"runtimeParameterData":{"@type":"mtTaskRuntimeParameterData","isConnectionRuntimeParameter":false,"isObjectRuntimeParameter":false},"overridableProperties":[],"overriddenFields":[]},{"@type":"mtTaskParameter","id":516799783,"name":"$Field_Map_Valid$","type":"STRING","text":"nstring (255, 0) BillingSystemId=BillingSystemId;nstring (255, 0) First_Name=First_Name;nstring (255, 0) Last_Name=Last_Name;nstring (255, 0) Title=Title;nstring (255, 0) Mailing_street=Mailing_street;nstring (255, 0) Mailing_city=Mailing_city;nstring (255, 0) Mailing_state=Mailing_state;nstring (255, 0) Mailing_zip=Mailing_zip;nstring (255, 0) Mailing_country=Mailing_country;nstring (255, 0) Phone=Phone;nstring (255, 0) Mobile=Mobile;nstring (255, 0) email_ports=email_ports;nstring (255, 0) Account_Name=Account_Name;nstring (255, 0) date_ports=date_ports;nstring (255, 0) Salary=Salary;","label":"Field_Map_Valid","description":"","uiProperties":{"paramName":"Field_Map_Valid","paramLabel":"","paramType-mapping":"FieldMapping","paramtype":"Fieldmap","supressFieldmappingSuffix":"true","lefttitle":"Incoming Fields","righttitle":"Target Fields","isPwxMultiGroupFieldMapping":"false","objlabel":"Target Field Group:","originalPath":"Tgt_Valid"},"newFlatFile":false,"newObject":false,"showBusinessNames":true,"naturalOrder":true,"truncateTarget":false,"bulkApiDBTarget":false,"customFuncCfg":{"@type":"customFuncConfig","id":-1,"connections":[],"inputMap":[],"outputFields":[]},"targetRefsV2":{},"targetUpdateColumns":[],"runtimeAttrs":{},"isRESTModernSource":true,"commandType":0,"isFileList":false,"handleSpecialChars":false,"handleDecimalRoundOff":false,"frsAsset":false,"dynamicFileName":false,"excludeDynamicFileNameField":false,"currentlyProcessedFileName":false,"retainFieldMetadata":false,"useExactSrcNames":false,"userUpdated":true,"fetchMode":"ORIGINAL","tgtObjectAttributes":{},"runtimeParameterData":{"@type":"mtTaskRuntimeParameterData","isConnectionRuntimeParameter":false,"isObjectRuntimeParameter":false},"overridableProperties":[],"overriddenFields":[]},{"@type":"mtTaskParameter","id":516799786,"name":"$P_Valid_Exp$","type":"STRING","text":"IIF(ISNULL(Salary) ,1, 0)","label":"P_Valid_Exp","description":"","uiProperties":{"paramName":"P_Valid_Exp","paramLabel":"","paramType-mapping":"Expression","paramtype":"Expression","aggregate":"false","window":"false","varFuncExpr":"true","udf":"true","originalPath":"Expression_Validation"},"newFlatFile":false,"newObject":false,"showBusinessNames":true,"naturalOrder":true,"truncateTarget":false,"bulkApiDBTarget":false,"customFuncCfg":{"@type":"customFuncConfig","id":-1,"connections":[],"inputMap":[],"outputFields":[]},"targetRefsV2":{},"targetUpdateColumns":[],"runtimeAttrs":{},"isRESTModernSource":true,"commandType":0,"isFileList":false,"handleSpecialChars":false,"handleDecimalRoundOff":false,"frsAsset":false,"dynamicFileName":false,"excludeDynamicFileNameField":false,"currentlyProcessedFileName":false,"retainFieldMetadata":false,"useExactSrcNames":false,"userUpdated":true,"fetchMode":"ORIGINAL","tgtObjectAttributes":{},"runtimeParameterData":{"@type":"mtTaskRuntimeParameterData","isConnectionRuntimeParameter":false,"isObjectRuntimeParameter":false},"overridableProperties":[],"overriddenFields":[]}],"sequences":[],"inOutParameters":[],"connRuntimeAttrs":[]}]