[{"@type":"mappingTemplate","id":"@1","name":"AA_repro_OracletoDynamics - Copy 1","description":"","autoExpireObject":false,"bundleVersion":"0","assetFrsGuid":"cccUhGRkBwnkWxZNOuIOeX","templateId":"@3","deployTime":1660933801000,"hasParameters":false,"valid":true,"fixedConnection":true,"hasParametersDeployed":false,"fixedConnectionDeployed":true,"isSchemaValidationEnabled":false,"tasks":0,"mappingPreviewFileRecordId":"@2","documentType":"MAPPING","allowMaxFieldLength":false,"references":[{"@type":"reference","refObjectId":"@116vez42SY8frasbRWb5s9","refType":"connection"},{"@type":"reference","refObjectId":"@8gLzS7cmttLcKR4TeBg9MV","refType":"connection"}]}]