[{"@type":"drsTask","id":"@1","name":"PS_Parth_ReplicationTask","autoExpireObject":false,"maxLogs":10,"sourceConnectionId":"@1bEYq8Tln0ahaHiBYJK6aq","targetConnectionId":"@0a0kPIkOhhigDvVU4xcFCU","tablePrefix":"PS_RT","verbose":false,"fullRefresh":true,"replicateAllObjects":false,"removeDeleted":true,"queryAll":false,"srcShowLabels":true,"maxRows":0,"stopOnError":true,"replicationObjects":["Account"],"excludedReplicationObjects":[],"majorUpdateTime":1652451391000,"metadataMode":0,"bulkApi":false,"base64BodySize":0.0,"bulkApiDBTarget":false,"fieldExclusions":[{"@type":"fieldExclusion","objectName":"Account","fields":[{"@type":"field","id":-1,"name":"AccountNumber","uniqueName":"AccountNumber","label":"Account Number","precision":0,"scale":0,"columnIndex":-1,"isKey":false,"isWaterMarkKey":false,"isExternalId":false,"isSfIdLookup":false,"isNullable":true,"isUnique":false,"isCreateable":false,"isUpdateable":true,"isFilterable":true,"isCalculated":false,"showLabel":true,"naturalOrder":0,"typeConfigFields":[],"typeConfigProperties":{},"linkedFields":[],"relatedInfos":[],"references":[]},{"@type":"field","id":-1,"name":"AccountSource","uniqueName":"AccountSource","label":"Account Source","precision":0,"scale":0,"columnIndex":-1,"isKey":false,"isWaterMarkKey":false,"isExternalId":false,"isSfIdLookup":false,"isNullable":true,"isUnique":false,"isCreateable":false,"isUpdateable":true,"isFilterable":true,"isCalculated":false,"showLabel":true,"naturalOrder":0,"typeConfigFields":[],"typeConfigProperties":{},"linkedFields":[],"relatedInfos":[],"references":[]},{"@type":"field","id":-1,"name":"Active__c","uniqueName":"Active__c","label":"Active","precision":0,"scale":0,"columnIndex":-1,"isKey":false,"isWaterMarkKey":false,"isExternalId":false,"isSfIdLookup":false,"isNullable":true,"isUnique":false,"isCreateable":false,"isUpdateable":true,"isFilterable":true,"isCalculated":false,"showLabel":true,"naturalOrder":0,"typeConfigFields":[],"typeConfigProperties":{},"linkedFields":[],"relatedInfos":[],"references":[]},{"@type":"field","id":-1,"name":"AnnualRevenue","uniqueName":"AnnualRevenue","label":"Annual Revenue","precision":0,"scale":0,"columnIndex":-1,"isKey":false,"isWaterMarkKey":false,"isExternalId":false,"isSfIdLookup":false,"isNullable":true,"isUnique":false,"isCreateable":false,"isUpdateable":true,"isFilterable":true,"isCalculated":false,"showLabel":true,"naturalOrder":0,"typeConfigFields":[],"typeConfigProperties":{},"linkedFields":[],"relatedInfos":[],"references":[]},{"@type":"field","id":-1,"name":"BillingCity","uniqueName":"BillingCity","label":"Billing City","precision":0,"scale":0,"columnIndex":-1,"isKey":false,"isWaterMarkKey":false,"isExternalId":false,"isSfIdLookup":false,"isNullable":true,"isUnique":false,"isCreateable":false,"isUpdateable":true,"isFilterable":true,"isCalculated":false,"showLabel":true,"naturalOrder":0,"typeConfigFields":[],"typeConfigProperties":{},"linkedFields":[],"relatedInfos":[],"references":[]},{"@type":"field","id":-1,"name":"BillingCountry","uniqueName":"BillingCountry","label":"Billing Country","precision":0,"scale":0,"columnIndex":-1,"isKey":false,"isWaterMarkKey":false,"isExternalId":false,"isSfIdLookup":false,"isNullable":true,"isUnique":false,"isCreateable":false,"isUpdateable":true,"isFilterable":true,"isCalculated":false,"showLabel":true,"naturalOrder":0,"typeConfigFields":[],"typeConfigProperties":{},"linkedFields":[],"relatedInfos":[],"references":[]},{"@type":"field","id":-1,"name":"BillingGeocodeAccuracy","uniqueName":"BillingGeocodeAccuracy","label":"Billing Geocode Accuracy","precision":0,"scale":0,"columnIndex":-1,"isKey":false,"isWaterMarkKey":false,"isExternalId":false,"isSfIdLookup":false,"isNullable":true,"isUnique":false,"isCreateable":false,"isUpdateable":true,"isFilterable":true,"isCalculated":false,"showLabel":true,"naturalOrder":0,"typeConfigFields":[],"typeConfigProperties":{},"linkedFields":[],"relatedInfos":[],"references":[]},{"@type":"field","id":-1,"name":"BillingLatitude","uniqueName":"BillingLatitude","label":"Billing Latitude","precision":0,"scale":0,"columnIndex":-1,"isKey":false,"isWaterMarkKey":false,"isExternalId":false,"isSfIdLookup":false,"isNullable":true,"isUnique":false,"isCreateable":false,"isUpdateable":true,"isFilterable":true,"isCalculated":false,"showLabel":true,"naturalOrder":0,"typeConfigFields":[],"typeConfigProperties":{},"linkedFields":[],"relatedInfos":[],"references":[]},{"@type":"field","id":-1,"name":"BillingLongitude","uniqueName":"BillingLongitude","label":"Billing Longitude","precision":0,"scale":0,"columnIndex":-1,"isKey":false,"isWaterMarkKey":false,"isExternalId":false,"isSfIdLookup":false,"isNullable":true,"isUnique":false,"isCreateable":false,"isUpdateable":true,"isFilterable":true,"isCalculated":false,"showLabel":true,"naturalOrder":0,"typeConfigFields":[],"typeConfigProperties":{},"linkedFields":[],"relatedInfos":[],"references":[]},{"@type":"field","id":-1,"name":"BillingPostalCode","uniqueName":"BillingPostalCode","label":"Billing Zip/Postal Code","precision":0,"scale":0,"columnIndex":-1,"isKey":false,"isWaterMarkKey":false,"isExternalId":false,"isSfIdLookup":false,"isNullable":true,"isUnique":false,"isCreateable":false,"isUpdateable":true,"isFilterable":true,"isCalculated":false,"showLabel":true,"naturalOrder":0,"typeConfigFields":[],"typeConfigProperties":{},"linkedFields":[],"relatedInfos":[],"references":[]},{"@type":"field","id":-1,"name":"BillingState","uniqueName":"BillingState","label":"Billing State/Province","precision":0,"scale":0,"columnIndex":-1,"isKey":false,"isWaterMarkKey":false,"isExternalId":false,"isSfIdLookup":false,"isNullable":true,"isUnique":false,"isCreateable":false,"isUpdateable":true,"isFilterable":true,"isCalculated":false,"showLabel":true,"naturalOrder":0,"typeConfigFields":[],"typeConfigProperties":{},"linkedFields":[],"relatedInfos":[],"references":[]},{"@type":"field","id":-1,"name":"BillingStreet","uniqueName":"BillingStreet","label":"Billing Street","precision":0,"scale":0,"columnIndex":-1,"isKey":false,"isWaterMarkKey":false,"isExternalId":false,"isSfIdLookup":false,"isNullable":true,"isUnique":false,"isCreateable":false,"isUpdateable":true,"isFilterable":true,"isCalculated":false,"showLabel":true,"naturalOrder":0,"typeConfigFields":[],"typeConfigProperties":{},"linkedFields":[],"relatedInfos":[],"references":[]},{"@type":"field","id":-1,"name":"CleanStatus","uniqueName":"CleanStatus","label":"Clean Status","precision":0,"scale":0,"columnIndex":-1,"isKey":false,"isWaterMarkKey":false,"isExternalId":false,"isSfIdLookup":false,"isNullable":true,"isUnique":false,"isCreateable":false,"isUpdateable":true,"isFilterable":true,"isCalculated":false,"showLabel":true,"naturalOrder":0,"typeConfigFields":[],"typeConfigProperties":{},"linkedFields":[],"relatedInfos":[],"references":[]},{"@type":"field","id":-1,"name":"CreatedById","uniqueName":"CreatedById","label":"Created By ID","precision":0,"scale":0,"columnIndex":-1,"isKey":false,"isWaterMarkKey":false,"isExternalId":false,"isSfIdLookup":false,"isNullable":true,"isUnique":false,"isCreateable":false,"isUpdateable":true,"isFilterable":true,"isCalculated":false,"showLabel":true,"naturalOrder":0,"typeConfigFields":[],"typeConfigProperties":{},"linkedFields":[],"relatedInfos":[],"references":[]},{"@type":"field","id":-1,"name":"CreatedDate","uniqueName":"CreatedDate","label":"Created Date","precision":0,"scale":0,"columnIndex":-1,"isKey":false,"isWaterMarkKey":false,"isExternalId":false,"isSfIdLookup":false,"isNullable":true,"isUnique":false,"isCreateable":false,"isUpdateable":true,"isFilterable":true,"isCalculated":false,"showLabel":true,"naturalOrder":0,"typeConfigFields":[],"typeConfigProperties":{},"linkedFields":[],"relatedInfos":[],"references":[]},{"@type":"field","id":-1,"name":"CustomerPriority__c","uniqueName":"CustomerPriority__c","label":"Customer Priority","precision":0,"scale":0,"columnIndex":-1,"isKey":false,"isWaterMarkKey":false,"isExternalId":false,"isSfIdLookup":false,"isNullable":true,"isUnique":false,"isCreateable":false,"isUpdateable":true,"isFilterable":true,"isCalculated":false,"showLabel":true,"naturalOrder":0,"typeConfigFields":[],"typeConfigProperties":{},"linkedFields":[],"relatedInfos":[],"references":[]},{"@type":"field","id":-1,"name":"DandbCompanyId","uniqueName":"DandbCompanyId","label":"D&B Company ID","precision":0,"scale":0,"columnIndex":-1,"isKey":false,"isWaterMarkKey":false,"isExternalId":false,"isSfIdLookup":false,"isNullable":true,"isUnique":false,"isCreateable":false,"isUpdateable":true,"isFilterable":true,"isCalculated":false,"showLabel":true,"naturalOrder":0,"typeConfigFields":[],"typeConfigProperties":{},"linkedFields":[],"relatedInfos":[],"references":[]},{"@type":"field","id":-1,"name":"Description","uniqueName":"Description","label":"Account Description","precision":0,"scale":0,"columnIndex":-1,"isKey":false,"isWaterMarkKey":false,"isExternalId":false,"isSfIdLookup":false,"isNullable":true,"isUnique":false,"isCreateable":false,"isUpdateable":true,"isFilterable":true,"isCalculated":false,"showLabel":true,"naturalOrder":0,"typeConfigFields":[],"typeConfigProperties":{},"linkedFields":[],"relatedInfos":[],"references":[]},{"@type":"field","id":-1,"name":"DunsNumber","uniqueName":"DunsNumber","label":"D-U-N-S Number","precision":0,"scale":0,"columnIndex":-1,"isKey":false,"isWaterMarkKey":false,"isExternalId":false,"isSfIdLookup":false,"isNullable":true,"isUnique":false,"isCreateable":false,"isUpdateable":true,"isFilterable":true,"isCalculated":false,"showLabel":true,"naturalOrder":0,"typeConfigFields":[],"typeConfigProperties":{},"linkedFields":[],"relatedInfos":[],"references":[]},{"@type":"field","id":-1,"name":"Fax","uniqueName":"Fax","label":"Account Fax","precision":0,"scale":0,"columnIndex":-1,"isKey":false,"isWaterMarkKey":false,"isExternalId":false,"isSfIdLookup":false,"isNullable":true,"isUnique":false,"isCreateable":false,"isUpdateable":true,"isFilterable":true,"isCalculated":false,"showLabel":true,"naturalOrder":0,"typeConfigFields":[],"typeConfigProperties":{},"linkedFields":[],"relatedInfos":[],"references":[]},{"@type":"field","id":-1,"name":"Industry","uniqueName":"Industry","label":"Industry","precision":0,"scale":0,"columnIndex":-1,"isKey":false,"isWaterMarkKey":false,"isExternalId":false,"isSfIdLookup":false,"isNullable":true,"isUnique":false,"isCreateable":false,"isUpdateable":true,"isFilterable":true,"isCalculated":false,"showLabel":true,"naturalOrder":0,"typeConfigFields":[],"typeConfigProperties":{},"linkedFields":[],"relatedInfos":[],"references":[]},{"@type":"field","id":-1,"name":"IsDeleted","uniqueName":"IsDeleted","label":"Deleted","precision":0,"scale":0,"columnIndex":-1,"isKey":false,"isWaterMarkKey":false,"isExternalId":false,"isSfIdLookup":false,"isNullable":true,"isUnique":false,"isCreateable":false,"isUpdateable":true,"isFilterable":true,"isCalculated":false,"showLabel":true,"naturalOrder":0,"typeConfigFields":[],"typeConfigProperties":{},"linkedFields":[],"relatedInfos":[],"references":[]},{"@type":"field","id":-1,"name":"Jigsaw","uniqueName":"Jigsaw","label":"Data.com Key","precision":0,"scale":0,"columnIndex":-1,"isKey":false,"isWaterMarkKey":false,"isExternalId":false,"isSfIdLookup":false,"isNullable":true,"isUnique":false,"isCreateable":false,"isUpdateable":true,"isFilterable":true,"isCalculated":false,"showLabel":true,"naturalOrder":0,"typeConfigFields":[],"typeConfigProperties":{},"linkedFields":[],"relatedInfos":[],"references":[]},{"@type":"field","id":-1,"name":"JigsawCompanyId","uniqueName":"JigsawCompanyId","label":"Jigsaw Company ID","precision":0,"scale":0,"columnIndex":-1,"isKey":false,"isWaterMarkKey":false,"isExternalId":false,"isSfIdLookup":false,"isNullable":true,"isUnique":false,"isCreateable":false,"isUpdateable":true,"isFilterable":true,"isCalculated":false,"showLabel":true,"naturalOrder":0,"typeConfigFields":[],"typeConfigProperties":{},"linkedFields":[],"relatedInfos":[],"references":[]},{"@type":"field","id":-1,"name":"LastActivityDate","uniqueName":"LastActivityDate","label":"Last Activity","precision":0,"scale":0,"columnIndex":-1,"isKey":false,"isWaterMarkKey":false,"isExternalId":false,"isSfIdLookup":false,"isNullable":true,"isUnique":false,"isCreateable":false,"isUpdateable":true,"isFilterable":true,"isCalculated":false,"showLabel":true,"naturalOrder":0,"typeConfigFields":[],"typeConfigProperties":{},"linkedFields":[],"relatedInfos":[],"references":[]},{"@type":"field","id":-1,"name":"LastModifiedById","uniqueName":"LastModifiedById","label":"Last Modified By ID","precision":0,"scale":0,"columnIndex":-1,"isKey":false,"isWaterMarkKey":false,"isExternalId":false,"isSfIdLookup":false,"isNullable":true,"isUnique":false,"isCreateable":false,"isUpdateable":true,"isFilterable":true,"isCalculated":false,"showLabel":true,"naturalOrder":0,"typeConfigFields":[],"typeConfigProperties":{},"linkedFields":[],"relatedInfos":[],"references":[]},{"@type":"field","id":-1,"name":"LastModifiedDate","uniqueName":"LastModifiedDate","label":"Last Modified Date","precision":0,"scale":0,"columnIndex":-1,"isKey":false,"isWaterMarkKey":false,"isExternalId":false,"isSfIdLookup":false,"isNullable":true,"isUnique":false,"isCreateable":false,"isUpdateable":true,"isFilterable":true,"isCalculated":false,"showLabel":true,"naturalOrder":0,"typeConfigFields":[],"typeConfigProperties":{},"linkedFields":[],"relatedInfos":[],"references":[]},{"@type":"field","id":-1,"name":"LastReferencedDate","uniqueName":"LastReferencedDate","label":"Last Referenced Date","precision":0,"scale":0,"columnIndex":-1,"isKey":false,"isWaterMarkKey":false,"isExternalId":false,"isSfIdLookup":false,"isNullable":true,"isUnique":false,"isCreateable":false,"isUpdateable":true,"isFilterable":true,"isCalculated":false,"showLabel":true,"naturalOrder":0,"typeConfigFields":[],"typeConfigProperties":{},"linkedFields":[],"relatedInfos":[],"references":[]},{"@type":"field","id":-1,"name":"LastViewedDate","uniqueName":"LastViewedDate","label":"Last Viewed Date","precision":0,"scale":0,"columnIndex":-1,"isKey":false,"isWaterMarkKey":false,"isExternalId":false,"isSfIdLookup":false,"isNullable":true,"isUnique":false,"isCreateable":false,"isUpdateable":true,"isFilterable":true,"isCalculated":false,"showLabel":true,"naturalOrder":0,"typeConfigFields":[],"typeConfigProperties":{},"linkedFields":[],"relatedInfos":[],"references":[]},{"@type":"field","id":-1,"name":"MasterRecordId","uniqueName":"MasterRecordId","label":"Master Record ID","precision":0,"scale":0,"columnIndex":-1,"isKey":false,"isWaterMarkKey":false,"isExternalId":false,"isSfIdLookup":false,"isNullable":true,"isUnique":false,"isCreateable":false,"isUpdateable":true,"isFilterable":true,"isCalculated":false,"showLabel":true,"naturalOrder":0,"typeConfigFields":[],"typeConfigProperties":{},"linkedFields":[],"relatedInfos":[],"references":[]},{"@type":"field","id":-1,"name":"NaicsCode","uniqueName":"NaicsCode","label":"NAICS Code","precision":0,"scale":0,"columnIndex":-1,"isKey":false,"isWaterMarkKey":false,"isExternalId":false,"isSfIdLookup":false,"isNullable":true,"isUnique":false,"isCreateable":false,"isUpdateable":true,"isFilterable":true,"isCalculated":false,"showLabel":true,"naturalOrder":0,"typeConfigFields":[],"typeConfigProperties":{},"linkedFields":[],"relatedInfos":[],"references":[]},{"@type":"field","id":-1,"name":"NaicsDesc","uniqueName":"NaicsDesc","label":"NAICS Description","precision":0,"scale":0,"columnIndex":-1,"isKey":false,"isWaterMarkKey":false,"isExternalId":false,"isSfIdLookup":false,"isNullable":true,"isUnique":false,"isCreateable":false,"isUpdateable":true,"isFilterable":true,"isCalculated":false,"showLabel":true,"naturalOrder":0,"typeConfigFields":[],"typeConfigProperties":{},"linkedFields":[],"relatedInfos":[],"references":[]},{"@type":"field","id":-1,"name":"NumberOfEmployees","uniqueName":"NumberOfEmployees","label":"Employees","precision":0,"scale":0,"columnIndex":-1,"isKey":false,"isWaterMarkKey":false,"isExternalId":false,"isSfIdLookup":false,"isNullable":true,"isUnique":false,"isCreateable":false,"isUpdateable":true,"isFilterable":true,"isCalculated":false,"showLabel":true,"naturalOrder":0,"typeConfigFields":[],"typeConfigProperties":{},"linkedFields":[],"relatedInfos":[],"references":[]},{"@type":"field","id":-1,"name":"NumberofLocations__c","uniqueName":"NumberofLocations__c","label":"Number of Locations","precision":0,"scale":0,"columnIndex":-1,"isKey":false,"isWaterMarkKey":false,"isExternalId":false,"isSfIdLookup":false,"isNullable":true,"isUnique":false,"isCreateable":false,"isUpdateable":true,"isFilterable":true,"isCalculated":false,"showLabel":true,"naturalOrder":0,"typeConfigFields":[],"typeConfigProperties":{},"linkedFields":[],"relatedInfos":[],"references":[]},{"@type":"field","id":-1,"name":"OperatingHoursId","uniqueName":"OperatingHoursId","label":"Operating Hour ID","precision":0,"scale":0,"columnIndex":-1,"isKey":false,"isWaterMarkKey":false,"isExternalId":false,"isSfIdLookup":false,"isNullable":true,"isUnique":false,"isCreateable":false,"isUpdateable":true,"isFilterable":true,"isCalculated":false,"showLabel":true,"naturalOrder":0,"typeConfigFields":[],"typeConfigProperties":{},"linkedFields":[],"relatedInfos":[],"references":[]},{"@type":"field","id":-1,"name":"OwnerId","uniqueName":"OwnerId","label":"Owner ID","precision":0,"scale":0,"columnIndex":-1,"isKey":false,"isWaterMarkKey":false,"isExternalId":false,"isSfIdLookup":false,"isNullable":true,"isUnique":false,"isCreateable":false,"isUpdateable":true,"isFilterable":true,"isCalculated":false,"showLabel":true,"naturalOrder":0,"typeConfigFields":[],"typeConfigProperties":{},"linkedFields":[],"relatedInfos":[],"references":[]},{"@type":"field","id":-1,"name":"Ownership","uniqueName":"Ownership","label":"Ownership","precision":0,"scale":0,"columnIndex":-1,"isKey":false,"isWaterMarkKey":false,"isExternalId":false,"isSfIdLookup":false,"isNullable":true,"isUnique":false,"isCreateable":false,"isUpdateable":true,"isFilterable":true,"isCalculated":false,"showLabel":true,"naturalOrder":0,"typeConfigFields":[],"typeConfigProperties":{},"linkedFields":[],"relatedInfos":[],"references":[]},{"@type":"field","id":-1,"name":"ParentId","uniqueName":"ParentId","label":"Parent Account ID","precision":0,"scale":0,"columnIndex":-1,"isKey":false,"isWaterMarkKey":false,"isExternalId":false,"isSfIdLookup":false,"isNullable":true,"isUnique":false,"isCreateable":false,"isUpdateable":true,"isFilterable":true,"isCalculated":false,"showLabel":true,"naturalOrder":0,"typeConfigFields":[],"typeConfigProperties":{},"linkedFields":[],"relatedInfos":[],"references":[]},{"@type":"field","id":-1,"name":"Phone","uniqueName":"Phone","label":"Account Phone","precision":0,"scale":0,"columnIndex":-1,"isKey":false,"isWaterMarkKey":false,"isExternalId":false,"isSfIdLookup":false,"isNullable":true,"isUnique":false,"isCreateable":false,"isUpdateable":true,"isFilterable":true,"isCalculated":false,"showLabel":true,"naturalOrder":0,"typeConfigFields":[],"typeConfigProperties":{},"linkedFields":[],"relatedInfos":[],"references":[]},{"@type":"field","id":-1,"name":"PhotoUrl","uniqueName":"PhotoUrl","label":"Photo URL","precision":0,"scale":0,"columnIndex":-1,"isKey":false,"isWaterMarkKey":false,"isExternalId":false,"isSfIdLookup":false,"isNullable":true,"isUnique":false,"isCreateable":false,"isUpdateable":true,"isFilterable":true,"isCalculated":false,"showLabel":true,"naturalOrder":0,"typeConfigFields":[],"typeConfigProperties":{},"linkedFields":[],"relatedInfos":[],"references":[]},{"@type":"field","id":-1,"name":"Rating","uniqueName":"Rating","label":"Account Rating","precision":0,"scale":0,"columnIndex":-1,"isKey":false,"isWaterMarkKey":false,"isExternalId":false,"isSfIdLookup":false,"isNullable":true,"isUnique":false,"isCreateable":false,"isUpdateable":true,"isFilterable":true,"isCalculated":false,"showLabel":true,"naturalOrder":0,"typeConfigFields":[],"typeConfigProperties":{},"linkedFields":[],"relatedInfos":[],"references":[]},{"@type":"field","id":-1,"name":"SLAExpirationDate__c","uniqueName":"SLAExpirationDate__c","label":"SLA Expiration Date","precision":0,"scale":0,"columnIndex":-1,"isKey":false,"isWaterMarkKey":false,"isExternalId":false,"isSfIdLookup":false,"isNullable":true,"isUnique":false,"isCreateable":false,"isUpdateable":true,"isFilterable":true,"isCalculated":false,"showLabel":true,"naturalOrder":0,"typeConfigFields":[],"typeConfigProperties":{},"linkedFields":[],"relatedInfos":[],"references":[]},{"@type":"field","id":-1,"name":"SLASerialNumber__c","uniqueName":"SLASerialNumber__c","label":"SLA Serial Number","precision":0,"scale":0,"columnIndex":-1,"isKey":false,"isWaterMarkKey":false,"isExternalId":false,"isSfIdLookup":false,"isNullable":true,"isUnique":false,"isCreateable":false,"isUpdateable":true,"isFilterable":true,"isCalculated":false,"showLabel":true,"naturalOrder":0,"typeConfigFields":[],"typeConfigProperties":{},"linkedFields":[],"relatedInfos":[],"references":[]},{"@type":"field","id":-1,"name":"SLA__c","uniqueName":"SLA__c","label":"SLA","precision":0,"scale":0,"columnIndex":-1,"isKey":false,"isWaterMarkKey":false,"isExternalId":false,"isSfIdLookup":false,"isNullable":true,"isUnique":false,"isCreateable":false,"isUpdateable":true,"isFilterable":true,"isCalculated":false,"showLabel":true,"naturalOrder":0,"typeConfigFields":[],"typeConfigProperties":{},"linkedFields":[],"relatedInfos":[],"references":[]},{"@type":"field","id":-1,"name":"ShippingCity","uniqueName":"ShippingCity","label":"Shipping City","precision":0,"scale":0,"columnIndex":-1,"isKey":false,"isWaterMarkKey":false,"isExternalId":false,"isSfIdLookup":false,"isNullable":true,"isUnique":false,"isCreateable":false,"isUpdateable":true,"isFilterable":true,"isCalculated":false,"showLabel":true,"naturalOrder":0,"typeConfigFields":[],"typeConfigProperties":{},"linkedFields":[],"relatedInfos":[],"references":[]},{"@type":"field","id":-1,"name":"ShippingCountry","uniqueName":"ShippingCountry","label":"Shipping Country","precision":0,"scale":0,"columnIndex":-1,"isKey":false,"isWaterMarkKey":false,"isExternalId":false,"isSfIdLookup":false,"isNullable":true,"isUnique":false,"isCreateable":false,"isUpdateable":true,"isFilterable":true,"isCalculated":false,"showLabel":true,"naturalOrder":0,"typeConfigFields":[],"typeConfigProperties":{},"linkedFields":[],"relatedInfos":[],"references":[]},{"@type":"field","id":-1,"name":"ShippingGeocodeAccuracy","uniqueName":"ShippingGeocodeAccuracy","label":"Shipping Geocode Accuracy","precision":0,"scale":0,"columnIndex":-1,"isKey":false,"isWaterMarkKey":false,"isExternalId":false,"isSfIdLookup":false,"isNullable":true,"isUnique":false,"isCreateable":false,"isUpdateable":true,"isFilterable":true,"isCalculated":false,"showLabel":true,"naturalOrder":0,"typeConfigFields":[],"typeConfigProperties":{},"linkedFields":[],"relatedInfos":[],"references":[]},{"@type":"field","id":-1,"name":"ShippingLatitude","uniqueName":"ShippingLatitude","label":"Shipping Latitude","precision":0,"scale":0,"columnIndex":-1,"isKey":false,"isWaterMarkKey":false,"isExternalId":false,"isSfIdLookup":false,"isNullable":true,"isUnique":false,"isCreateable":false,"isUpdateable":true,"isFilterable":true,"isCalculated":false,"showLabel":true,"naturalOrder":0,"typeConfigFields":[],"typeConfigProperties":{},"linkedFields":[],"relatedInfos":[],"references":[]},{"@type":"field","id":-1,"name":"ShippingLongitude","uniqueName":"ShippingLongitude","label":"Shipping Longitude","precision":0,"scale":0,"columnIndex":-1,"isKey":false,"isWaterMarkKey":false,"isExternalId":false,"isSfIdLookup":false,"isNullable":true,"isUnique":false,"isCreateable":false,"isUpdateable":true,"isFilterable":true,"isCalculated":false,"showLabel":true,"naturalOrder":0,"typeConfigFields":[],"typeConfigProperties":{},"linkedFields":[],"relatedInfos":[],"references":[]},{"@type":"field","id":-1,"name":"ShippingPostalCode","uniqueName":"ShippingPostalCode","label":"Shipping Zip/Postal Code","precision":0,"scale":0,"columnIndex":-1,"isKey":false,"isWaterMarkKey":false,"isExternalId":false,"isSfIdLookup":false,"isNullable":true,"isUnique":false,"isCreateable":false,"isUpdateable":true,"isFilterable":true,"isCalculated":false,"showLabel":true,"naturalOrder":0,"typeConfigFields":[],"typeConfigProperties":{},"linkedFields":[],"relatedInfos":[],"references":[]},{"@type":"field","id":-1,"name":"ShippingState","uniqueName":"ShippingState","label":"Shipping State/Province","precision":0,"scale":0,"columnIndex":-1,"isKey":false,"isWaterMarkKey":false,"isExternalId":false,"isSfIdLookup":false,"isNullable":true,"isUnique":false,"isCreateable":false,"isUpdateable":true,"isFilterable":true,"isCalculated":false,"showLabel":true,"naturalOrder":0,"typeConfigFields":[],"typeConfigProperties":{},"linkedFields":[],"relatedInfos":[],"references":[]},{"@type":"field","id":-1,"name":"ShippingStreet","uniqueName":"ShippingStreet","label":"Shipping Street","precision":0,"scale":0,"columnIndex":-1,"isKey":false,"isWaterMarkKey":false,"isExternalId":false,"isSfIdLookup":false,"isNullable":true,"isUnique":false,"isCreateable":false,"isUpdateable":true,"isFilterable":true,"isCalculated":false,"showLabel":true,"naturalOrder":0,"typeConfigFields":[],"typeConfigProperties":{},"linkedFields":[],"relatedInfos":[],"references":[]},{"@type":"field","id":-1,"name":"Sic","uniqueName":"Sic","label":"SIC Code","precision":0,"scale":0,"columnIndex":-1,"isKey":false,"isWaterMarkKey":false,"isExternalId":false,"isSfIdLookup":false,"isNullable":true,"isUnique":false,"isCreateable":false,"isUpdateable":true,"isFilterable":true,"isCalculated":false,"showLabel":true,"naturalOrder":0,"typeConfigFields":[],"typeConfigProperties":{},"linkedFields":[],"relatedInfos":[],"references":[]},{"@type":"field","id":-1,"name":"SicDesc","uniqueName":"SicDesc","label":"SIC Description","precision":0,"scale":0,"columnIndex":-1,"isKey":false,"isWaterMarkKey":false,"isExternalId":false,"isSfIdLookup":false,"isNullable":true,"isUnique":false,"isCreateable":false,"isUpdateable":true,"isFilterable":true,"isCalculated":false,"showLabel":true,"naturalOrder":0,"typeConfigFields":[],"typeConfigProperties":{},"linkedFields":[],"relatedInfos":[],"references":[]},{"@type":"field","id":-1,"name":"Site","uniqueName":"Site","label":"Account Site","precision":0,"scale":0,"columnIndex":-1,"isKey":false,"isWaterMarkKey":false,"isExternalId":false,"isSfIdLookup":false,"isNullable":true,"isUnique":false,"isCreateable":false,"isUpdateable":true,"isFilterable":true,"isCalculated":false,"showLabel":true,"naturalOrder":0,"typeConfigFields":[],"typeConfigProperties":{},"linkedFields":[],"relatedInfos":[],"references":[]},{"@type":"field","id":-1,"name":"SystemModstamp","uniqueName":"SystemModstamp","label":"System Modstamp","precision":0,"scale":0,"columnIndex":-1,"isKey":false,"isWaterMarkKey":false,"isExternalId":false,"isSfIdLookup":false,"isNullable":true,"isUnique":false,"isCreateable":false,"isUpdateable":true,"isFilterable":true,"isCalculated":false,"showLabel":true,"naturalOrder":0,"typeConfigFields":[],"typeConfigProperties":{},"linkedFields":[],"relatedInfos":[],"references":[]},{"@type":"field","id":-1,"name":"TickerSymbol","uniqueName":"TickerSymbol","label":"Ticker Symbol","precision":0,"scale":0,"columnIndex":-1,"isKey":false,"isWaterMarkKey":false,"isExternalId":false,"isSfIdLookup":false,"isNullable":true,"isUnique":false,"isCreateable":false,"isUpdateable":true,"isFilterable":true,"isCalculated":false,"showLabel":true,"naturalOrder":0,"typeConfigFields":[],"typeConfigProperties":{},"linkedFields":[],"relatedInfos":[],"references":[]},{"@type":"field","id":-1,"name":"Tradestyle","uniqueName":"Tradestyle","label":"Tradestyle","precision":0,"scale":0,"columnIndex":-1,"isKey":false,"isWaterMarkKey":false,"isExternalId":false,"isSfIdLookup":false,"isNullable":true,"isUnique":false,"isCreateable":false,"isUpdateable":true,"isFilterable":true,"isCalculated":false,"showLabel":true,"naturalOrder":0,"typeConfigFields":[],"typeConfigProperties":{},"linkedFields":[],"relatedInfos":[],"references":[]},{"@type":"field","id":-1,"name":"Type","uniqueName":"Type","label":"Account Type","precision":0,"scale":0,"columnIndex":-1,"isKey":false,"isWaterMarkKey":false,"isExternalId":false,"isSfIdLookup":false,"isNullable":true,"isUnique":false,"isCreateable":false,"isUpdateable":true,"isFilterable":true,"isCalculated":false,"showLabel":true,"naturalOrder":0,"typeConfigFields":[],"typeConfigProperties":{},"linkedFields":[],"relatedInfos":[],"references":[]},{"@type":"field","id":-1,"name":"UpsellOpportunity__c","uniqueName":"UpsellOpportunity__c","label":"Upsell Opportunity","precision":0,"scale":0,"columnIndex":-1,"isKey":false,"isWaterMarkKey":false,"isExternalId":false,"isSfIdLookup":false,"isNullable":true,"isUnique":false,"isCreateable":false,"isUpdateable":true,"isFilterable":true,"isCalculated":false,"showLabel":true,"naturalOrder":0,"typeConfigFields":[],"typeConfigProperties":{},"linkedFields":[],"relatedInfos":[],"references":[]},{"@type":"field","id":-1,"name":"Website","uniqueName":"Website","label":"Website","precision":0,"scale":0,"columnIndex":-1,"isKey":false,"isWaterMarkKey":false,"isExternalId":false,"isSfIdLookup":false,"isNullable":true,"isUnique":false,"isCreateable":false,"isUpdateable":true,"isFilterable":true,"isCalculated":false,"showLabel":true,"naturalOrder":0,"typeConfigFields":[],"typeConfigProperties":{},"linkedFields":[],"relatedInfos":[],"references":[]},{"@type":"field","id":-1,"name":"YearStarted","uniqueName":"YearStarted","label":"Year Started","precision":0,"scale":0,"columnIndex":-1,"isKey":false,"isWaterMarkKey":false,"isExternalId":false,"isSfIdLookup":false,"isNullable":true,"isUnique":false,"isCreateable":false,"isUpdateable":true,"isFilterable":true,"isCalculated":false,"showLabel":true,"naturalOrder":0,"typeConfigFields":[],"typeConfigProperties":{},"linkedFields":[],"relatedInfos":[],"references":[]}]}],"filters":[],"advancedFilters":[],"srcRuntimeAttrs":{"@type":"taskRuntimeAttrs","attrs":{"PK Chunking size":"100000","Enable PK Chunking":"0","PK Chunking startRow ID":""}}}]