[{"@type":"mappingTemplate","id":"@1","name":"m_SFtoFF","description":"","bundleVersion":"0","templateId":"@3","deployTime":1691513193000,"hasParameters":false,"valid":true,"fixedConnection":true,"hasParametersDeployed":false,"fixedConnectionDeployed":true,"isSchemaValidationEnabled":false,"tasks":0,"mappingPreviewFileRecordId":"@2","documentType":"MAPPING","references":[{"@type":"reference","refObjectId":"@1bEYq8Tln0ahaHiBYJK6aq","refType":"connection"},{"@type":"reference","refObjectId":"@0a0kPIkOhhigDvVU4xcFCU","refType":"connection"}]}]