[{"@type":"mappingTemplate","id":"@1","name":"ParquetprecisionRepro - Copy 1","description":"","bundleVersion":"0","templateId":"@3","deployTime":1660850269000,"hasParameters":true,"valid":true,"fixedConnection":true,"hasParametersDeployed":true,"fixedConnectionDeployed":true,"isSchemaValidationEnabled":false,"tasks":1,"mappingPreviewFileRecordId":"@2","documentType":"MAPPING","references":[{"@type":"reference","refObjectId":"@8oA9n1UhELKeRCxcTXQDSS","refType":"connection"},{"@type":"reference","refObjectId":"@0a0kPIkOhhigDvVU4xcFCU","refType":"connection"}]}]