[{"@type":"mappingTemplate","id":"@1","name":"Mapping21","description":"","bundleVersion":"0","templateId":"@3","deployTime":1683842566000,"hasParameters":false,"valid":true,"fixedConnection":true,"hasParametersDeployed":false,"fixedConnectionDeployed":true,"isSchemaValidationEnabled":false,"tasks":0,"mappingPreviewFileRecordId":"@2","documentType":"MAPPING","references":[{"@type":"reference","refObjectId":"@0a0kPIkOhhigDvVU4xcFCU","refType":"connection"},{"@type":"reference","refObjectId":"@dxDnSCTwPe7ifOlZxc8SEh","refType":"connection"}]}]