[{"@type":"mappingTemplate","id":"@1","name":"Oracle_to_ADLSGen2_repro","description":"","bundleVersion":"0","templateId":"@3","deployTime":1683842386000,"hasParameters":false,"valid":true,"fixedConnection":true,"hasParametersDeployed":false,"fixedConnectionDeployed":true,"isSchemaValidationEnabled":false,"tasks":0,"mappingPreviewFileRecordId":"@2","documentType":"MAPPING","references":[{"@type":"reference","refObjectId":"@dxDnSCTwPe7ifOlZxc8SEh","refType":"connection"},{"@type":"reference","refObjectId":"@8OloEWjZNe2euYWU1Sydwi","refType":"connection"}]}]