[{"@type":"mappingTemplate","id":"@1","name":"PS_Parth_InOutParameter","description":"","autoExpireObject":false,"bundleVersion":"0","assetFrsGuid":"31btna6Msw2dAeYrfKyIGx","templateId":"@3","deployTime":1652451389000,"hasParameters":false,"valid":true,"fixedConnection":true,"hasParametersDeployed":false,"fixedConnectionDeployed":true,"isSchemaValidationEnabled":false,"tasks":1,"mappingPreviewFileRecordId":"@2","documentType":"MAPPING","allowMaxFieldLength":false,"references":[{"@type":"reference","refObjectId":"@0a0kPIkOhhigDvVU4xcFCU","refType":"connection"},{"@type":"reference","refObjectId":"@9USXwyHkQlGgRlk1CpCrA2","refType":"connection"}]}]