[{"@type":"dssTask","id":"@1","name":"PS_Parth_Synctaskoutlets","description":"","maxLogs":10,"sourceConnectionId":"@0a0kPIkOhhigDvVU4xcFCU","targetConnectionId":"@9USXwyHkQlGgRlk1CpCrA2","targetObject":"CUSTOMER","targetObjectLabel":"CUSTOMER","operation":"Insert","maxRows":0,"truncateTarget":false,"bulkApiDBTarget":false,"verbose":false,"srcFlatFileAttrs":{"@type":"flatFileAttrs","id":58870753,"delimiter":",","textQualifier":"\"","escapeChar":"","headerLineNo":1,"firstDataRow":2},"targetMetadataUpdated":false,"modelVersion":"V3-R600","queryAll":false,"srcSettings":{"@type":"taskDataSourceSetting","isShowLabels":false,"isNaturalOrder":true},"tgtSettings":{"@type":"taskDataSourceSetting","isShowLabels":false,"isNaturalOrder":true},"cfSettings":{"@type":"taskDataSourceSetting","isShowLabels":false,"isNaturalOrder":true},"bulkApi":false,"bulkApiSerialMode":false,"bulkApiMonitor":false,"isTargetObjectSfCustom":false,"allowNullUpdates":false,"targetBatchSize":200,"assignmentRuleId":"-1","assignmentRuleType":"None","createSuccessFile":false,"bulkApiHardDelete":false,"srcRuntimeAttrs":{"@type":"taskRuntimeAttrs","attrs":{}},"tgtRuntimeAttrs":{"@type":"taskRuntimeAttrs","attrs":{}},"parameterFileEncoding":"UTF-8","serverlessProperties":{},"sourceObjects":[{"@type":"mObject","name":"Outlets.csv","label":"Outlets.csv","metadataUpdated":false,"relations":[],"children":[]}],"advancedFilters":[],"filters":[],"fieldMaps":[{"@type":"fieldMap","id":"57454768","targetField":{"@type":"field","id":186485026,"name":"CUST_ID","type":"varchar","uniqueName":"CUST_ID","label":"CUST_ID","parentObject":"CUSTOMER","pcType":"STRING","precision":6,"scale":0,"columnIndex":0,"isKey":false,"isWaterMarkKey":false,"isExternalId":false,"isSfIdLookup":false,"isNullable":true,"isUnique":false,"isCreateable":false,"isUpdateable":true,"isFilterable":true,"isCalculated":false,"filterType":"STRING","showLabel":false,"naturalOrder":0,"typeConfigFields":[],"linkedFields":["Outlet_ID"],"relatedInfos":[],"references":[]},"expression":"Outlet_ID"},{"@type":"fieldMap","id":"57454771","targetField":{"@type":"field","id":186485029,"name":"NAME","type":"varchar","uniqueName":"NAME","label":"NAME","parentObject":"CUSTOMER","pcType":"STRING","precision":30,"scale":0,"columnIndex":1,"isKey":false,"isWaterMarkKey":false,"isExternalId":false,"isSfIdLookup":false,"isNullable":true,"isUnique":false,"isCreateable":false,"isUpdateable":true,"isFilterable":true,"isCalculated":false,"filterType":"STRING","showLabel":false,"naturalOrder":1,"typeConfigFields":[],"linkedFields":["Outlet_Name"],"relatedInfos":[],"references":[]},"expression":"Outlet_Name"},{"@type":"fieldMap","id":"57454774","targetField":{"@type":"field","id":186485032,"name":"ADDRESS","type":"varchar","uniqueName":"ADDRESS","label":"ADDRESS","parentObject":"CUSTOMER","pcType":"STRING","precision":60,"scale":0,"columnIndex":2,"isKey":false,"isWaterMarkKey":false,"isExternalId":false,"isSfIdLookup":false,"isNullable":true,"isUnique":false,"isCreateable":false,"isUpdateable":true,"isFilterable":true,"isCalculated":false,"filterType":"STRING","showLabel":false,"naturalOrder":2,"typeConfigFields":[],"linkedFields":["Street"],"relatedInfos":[],"references":[]},"expression":"Street"},{"@type":"fieldMap","id":"57454777","targetField":{"@type":"field","id":186485035,"name":"CITY","type":"varchar","uniqueName":"CITY","label":"CITY","parentObject":"CUSTOMER","pcType":"STRING","precision":30,"scale":0,"columnIndex":3,"isKey":false,"isWaterMarkKey":false,"isExternalId":false,"isSfIdLookup":false,"isNullable":true,"isUnique":false,"isCreateable":false,"isUpdateable":true,"isFilterable":true,"isCalculated":false,"filterType":"STRING","showLabel":false,"naturalOrder":3,"typeConfigFields":[],"linkedFields":["City"],"relatedInfos":[],"references":[]},"expression":"City"},{"@type":"fieldMap","id":"57454780","targetField":{"@type":"field","id":186485038,"name":"STATE","type":"varchar","uniqueName":"STATE","label":"STATE","parentObject":"CUSTOMER","pcType":"STRING","precision":2,"scale":0,"columnIndex":4,"isKey":false,"isWaterMarkKey":false,"isExternalId":false,"isSfIdLookup":false,"isNullable":true,"isUnique":false,"isCreateable":false,"isUpdateable":true,"isFilterable":true,"isCalculated":false,"filterType":"STRING","showLabel":false,"naturalOrder":4,"typeConfigFields":[],"linkedFields":["State"],"relatedInfos":[],"references":[]},"expression":"State"},{"@type":"fieldMap","id":"57454783","targetField":{"@type":"field","id":186485041,"name":"POSTALCODE","type":"varchar","uniqueName":"POSTALCODE","label":"POSTALCODE","parentObject":"CUSTOMER","pcType":"STRING","precision":5,"scale":0,"columnIndex":5,"isKey":false,"isWaterMarkKey":false,"isExternalId":false,"isSfIdLookup":false,"isNullable":true,"isUnique":false,"isCreateable":false,"isUpdateable":true,"isFilterable":true,"isCalculated":false,"filterType":"STRING","showLabel":false,"naturalOrder":5,"typeConfigFields":[],"linkedFields":["ZipCode"],"relatedInfos":[],"references":[]},"expression":"ZipCode"},{"@type":"fieldMap","id":"57454786","targetField":{"@type":"field","id":186485044,"name":"COUNTRY","type":"varchar","uniqueName":"COUNTRY","label":"COUNTRY","parentObject":"CUSTOMER","pcType":"STRING","precision":15,"scale":0,"columnIndex":6,"isKey":false,"isWaterMarkKey":false,"isExternalId":false,"isSfIdLookup":false,"isNullable":true,"isUnique":false,"isCreateable":false,"isUpdateable":true,"isFilterable":true,"isCalculated":false,"filterType":"STRING","showLabel":false,"naturalOrder":6,"typeConfigFields":[],"linkedFields":["Country"],"relatedInfos":[],"references":[]},"expression":"Country"},{"@type":"fieldMap","id":"57454789","targetField":{"@type":"field","id":186485047,"name":"PHONE","type":"varchar","uniqueName":"PHONE","label":"PHONE","parentObject":"CUSTOMER","pcType":"STRING","precision":20,"scale":0,"columnIndex":7,"isKey":false,"isWaterMarkKey":false,"isExternalId":false,"isSfIdLookup":false,"isNullable":true,"isUnique":false,"isCreateable":false,"isUpdateable":true,"isFilterable":true,"isCalculated":false,"filterType":"STRING","showLabel":false,"naturalOrder":7,"typeConfigFields":[],"linkedFields":["Phone_Number"],"relatedInfos":[],"references":[]},"expression":"Phone_Number"},{"@type":"fieldMap","id":"57454792","targetField":{"@type":"field","id":186485050,"name":"LAST_ORDER_DATE","type":"timestamp","uniqueName":"LAST_ORDER_DATE","label":"LAST_ORDER_DATE","parentObject":"CUSTOMER","pcType":"DATE","precision":23,"scale":3,"columnIndex":8,"isKey":false,"isWaterMarkKey":false,"isExternalId":false,"isSfIdLookup":false,"isNullable":true,"isUnique":false,"isCreateable":false,"isUpdateable":true,"isFilterable":true,"isCalculated":false,"filterType":"DATETIME","showLabel":false,"naturalOrder":8,"typeConfigFields":[],"linkedFields":[],"relatedInfos":[],"references":[]}},{"@type":"fieldMap","id":"57454795","targetField":{"@type":"field","id":186485053,"name":"STATUS","type":"varchar","uniqueName":"STATUS","label":"STATUS","parentObject":"CUSTOMER","pcType":"STRING","precision":10,"scale":0,"columnIndex":9,"isKey":false,"isWaterMarkKey":false,"isExternalId":false,"isSfIdLookup":false,"isNullable":true,"isUnique":false,"isCreateable":false,"isUpdateable":true,"isFilterable":true,"isCalculated":false,"filterType":"STRING","showLabel":false,"naturalOrder":9,"typeConfigFields":[],"linkedFields":[],"relatedInfos":[],"references":[]}},{"@type":"fieldMap","id":"57454798","targetField":{"@type":"field","id":186485056,"name":"TIER","type":"varchar","uniqueName":"TIER","label":"TIER","parentObject":"CUSTOMER","pcType":"STRING","precision":5,"scale":0,"columnIndex":10,"isKey":false,"isWaterMarkKey":false,"isExternalId":false,"isSfIdLookup":false,"isNullable":true,"isUnique":false,"isCreateable":false,"isUpdateable":true,"isFilterable":true,"isCalculated":false,"filterType":"STRING","showLabel":false,"naturalOrder":10,"typeConfigFields":[],"linkedFields":[],"relatedInfos":[],"references":[]}},{"@type":"fieldMap","id":"57454801","targetField":{"@type":"field","id":186485059,"name":"MODIFIED_DATE","type":"timestamp","uniqueName":"MODIFIED_DATE","label":"MODIFIED_DATE","parentObject":"CUSTOMER","pcType":"DATE","precision":23,"scale":3,"columnIndex":11,"isKey":false,"isWaterMarkKey":false,"isExternalId":false,"isSfIdLookup":false,"isNullable":true,"isUnique":false,"isCreateable":false,"isUpdateable":true,"isFilterable":true,"isCalculated":false,"filterType":"DATETIME","showLabel":false,"naturalOrder":11,"typeConfigFields":[],"linkedFields":[],"relatedInfos":[],"references":[]}}],"sourceFields":[{"@type":"field","id":186485062,"name":"Outlet_ID","type":"nstring","uniqueName":"Outlet_ID","label":"Outlet_ID","parentObject":"Outlets.csv","pcType":"UNISTRING","precision":6,"scale":0,"columnIndex":0,"isKey":false,"isWaterMarkKey":false,"isExternalId":false,"isSfIdLookup":false,"isNullable":true,"isUnique":false,"isCreateable":false,"isUpdateable":true,"isFilterable":true,"isCalculated":false,"filterType":"STRING","showLabel":false,"naturalOrder":0,"typeConfigFields":[],"linkedFields":["CUST_ID"],"relatedInfos":[],"references":[]},{"@type":"field","id":186485065,"name":"Outlet_Name","type":"nstring","uniqueName":"Outlet_Name","label":"Outlet_Name","parentObject":"Outlets.csv","pcType":"UNISTRING","precision":30,"scale":0,"columnIndex":1,"isKey":false,"isWaterMarkKey":false,"isExternalId":false,"isSfIdLookup":false,"isNullable":true,"isUnique":false,"isCreateable":false,"isUpdateable":true,"isFilterable":true,"isCalculated":false,"filterType":"STRING","showLabel":false,"naturalOrder":0,"typeConfigFields":[],"linkedFields":["NAME"],"relatedInfos":[],"references":[]},{"@type":"field","id":186485068,"name":"Phone_Number","type":"nstring","uniqueName":"Phone_Number","label":"Phone_Number","parentObject":"Outlets.csv","pcType":"UNISTRING","precision":20,"scale":0,"columnIndex":2,"isKey":false,"isWaterMarkKey":false,"isExternalId":false,"isSfIdLookup":false,"isNullable":true,"isUnique":false,"isCreateable":false,"isUpdateable":true,"isFilterable":true,"isCalculated":false,"filterType":"STRING","showLabel":false,"naturalOrder":0,"typeConfigFields":[],"linkedFields":["PHONE"],"relatedInfos":[],"references":[]},{"@type":"field","id":186485071,"name":"Street","type":"nstring","uniqueName":"Street","label":"Street","parentObject":"Outlets.csv","pcType":"UNISTRING","precision":60,"scale":0,"columnIndex":3,"isKey":false,"isWaterMarkKey":false,"isExternalId":false,"isSfIdLookup":false,"isNullable":true,"isUnique":false,"isCreateable":false,"isUpdateable":true,"isFilterable":true,"isCalculated":false,"filterType":"STRING","showLabel":false,"naturalOrder":0,"typeConfigFields":[],"linkedFields":["ADDRESS"],"relatedInfos":[],"references":[]},{"@type":"field","id":186485074,"name":"City","type":"nstring","uniqueName":"City","label":"City","parentObject":"Outlets.csv","pcType":"UNISTRING","precision":30,"scale":0,"columnIndex":4,"isKey":false,"isWaterMarkKey":false,"isExternalId":false,"isSfIdLookup":false,"isNullable":true,"isUnique":false,"isCreateable":false,"isUpdateable":true,"isFilterable":true,"isCalculated":false,"filterType":"STRING","showLabel":false,"naturalOrder":0,"typeConfigFields":[],"linkedFields":["CITY"],"relatedInfos":[],"references":[]},{"@type":"field","id":186485077,"name":"State","type":"nstring","uniqueName":"State","label":"State","parentObject":"Outlets.csv","pcType":"UNISTRING","precision":2,"scale":0,"columnIndex":5,"isKey":false,"isWaterMarkKey":false,"isExternalId":false,"isSfIdLookup":false,"isNullable":true,"isUnique":false,"isCreateable":false,"isUpdateable":true,"isFilterable":true,"isCalculated":false,"filterType":"STRING","showLabel":false,"naturalOrder":0,"typeConfigFields":[],"linkedFields":["STATE"],"relatedInfos":[],"references":[]},{"@type":"field","id":186485080,"name":"ZipCode","type":"nstring","uniqueName":"ZipCode","label":"ZipCode","parentObject":"Outlets.csv","pcType":"UNISTRING","precision":5,"scale":0,"columnIndex":6,"isKey":false,"isWaterMarkKey":false,"isExternalId":false,"isSfIdLookup":false,"isNullable":true,"isUnique":false,"isCreateable":false,"isUpdateable":true,"isFilterable":true,"isCalculated":false,"filterType":"STRING","showLabel":false,"naturalOrder":0,"typeConfigFields":[],"linkedFields":["POSTALCODE"],"relatedInfos":[],"references":[]},{"@type":"field","id":186485083,"name":"Country","type":"nstring","uniqueName":"Country","label":"Country","parentObject":"Outlets.csv","pcType":"UNISTRING","precision":15,"scale":0,"columnIndex":7,"isKey":false,"isWaterMarkKey":false,"isExternalId":false,"isSfIdLookup":false,"isNullable":true,"isUnique":false,"isCreateable":false,"isUpdateable":true,"isFilterable":true,"isCalculated":false,"filterType":"STRING","showLabel":false,"naturalOrder":0,"typeConfigFields":[],"linkedFields":["COUNTRY"],"relatedInfos":[],"references":[]},{"@type":"field","id":186485086,"name":"Employees","type":"nstring","uniqueName":"Employees","label":"Employees","parentObject":"Outlets.csv","pcType":"UNISTRING","precision":255,"scale":0,"columnIndex":8,"isKey":false,"isWaterMarkKey":false,"isExternalId":false,"isSfIdLookup":false,"isNullable":true,"isUnique":false,"isCreateable":false,"isUpdateable":true,"isFilterable":true,"isCalculated":false,"filterType":"STRING","showLabel":false,"naturalOrder":0,"typeConfigFields":[],"linkedFields":[],"relatedInfos":[],"references":[]}],"sortFields":[],"groupFields":[]}]