[{"@type":"mappingTemplate","id":"@1","name":"Vivek_repro_FFtoOracle","description":"","bundleVersion":"0","templateId":"@3","deployTime":1660775908000,"hasParameters":false,"valid":true,"fixedConnection":true,"hasParametersDeployed":false,"fixedConnectionDeployed":true,"tasks":0,"mappingPreviewFileRecordId":"@2","documentType":"MAPPING","references":[{"@type":"reference","refObjectId":"@9CJ0fmUdUbPjt0f3n2KN6E","refType":"connection"},{"@type":"reference","refObjectId":"@116vez42SY8frasbRWb5s9","refType":"connection"}]}]