[{"@type":"mappingTemplate","id":"@1","name":"Vivek_repro_FFtoOracle","description":"","autoExpireObject":false,"bundleVersion":"0","assetFrsGuid":"hSMoIyIlPO5gluXTTpl7En","templateId":"@3","deployTime":1662569448000,"hasParameters":false,"valid":true,"fixedConnection":true,"hasParametersDeployed":false,"fixedConnectionDeployed":true,"isSchemaValidationEnabled":false,"tasks":0,"mappingPreviewFileRecordId":"@2","documentType":"MAPPING","allowMaxFieldLength":false,"references":[{"@type":"reference","refObjectId":"@9CJ0fmUdUbPjt0f3n2KN6E","refType":"connection"},{"@type":"reference","refObjectId":"@116vez42SY8frasbRWb5s9","refType":"connection"}]}]