[{"@type":"mappingTemplate","id":"@1","name":"MSExcel_to_flatfile_mapping","description":"","bundleVersion":"0","templateId":"@3","deployTime":1685476988000,"hasParameters":false,"valid":true,"fixedConnection":true,"hasParametersDeployed":false,"fixedConnectionDeployed":true,"isSchemaValidationEnabled":false,"tasks":0,"mappingPreviewFileRecordId":"@2","documentType":"MAPPING","references":[{"@type":"reference","refObjectId":"@7WaD2QRBySqebhUUlQRuIl","refType":"connection"},{"@type":"reference","refObjectId":"@0a0kPIkOhhigDvVU4xcFCU","refType":"connection"}]}]