[{"@type":"customSource","id":"@1","name":"SavedQuery3","type":"Oracle","query":"SELECT * FROM N_TOTALAMOUNT","fields":[{"@type":"field","id":233186182,"name":"FULLNAME","type":"varchar","uniqueName":"FULLNAME","label":"FULLNAME","parentObject":"SavedQuery3","pcType":"STRING","precision":20,"scale":0,"columnIndex":0,"isKey":false,"isWaterMarkKey":false,"isExternalId":false,"isSfIdLookup":false,"isNullable":true,"isUnique":false,"isCreateable":false,"isUpdateable":true,"isFilterable":true,"isCalculated":false,"filterType":"STRING","showLabel":true,"naturalOrder":0,"typeConfigFields":[],"linkedFields":[],"relatedInfos":[],"references":[]},{"@type":"field","id":233186185,"name":"ACCOUNTVALUE","type":"decimal","uniqueName":"ACCOUNTVALUE","label":"ACCOUNTVALUE","parentObject":"SavedQuery3","pcType":"HIPRECDECIMAL","precision":40,"scale":0,"columnIndex":1,"isKey":false,"isWaterMarkKey":false,"isExternalId":false,"isSfIdLookup":false,"isNullable":true,"isUnique":false,"isCreateable":false,"isUpdateable":true,"isFilterable":true,"isCalculated":false,"filterType":"DOUBLE","showLabel":true,"naturalOrder":0,"typeConfigFields":[],"linkedFields":[],"relatedInfos":[],"references":[]}]}]