[{"@type":"fileRecord","id":"@2","name":"extension","type":"XML","size":42430,"attachTime":1660606009000},{"@type":"fileRecord","id":"@3","name":"fault","type":"XSD","size":6652,"attachTime":1660606009000},{"@type":"fileRecord","id":"@6","name":"response","type":"XSD","size":22840,"attachTime":1660606009000},{"@type":"fileRecord","id":"@5","name":"request","type":"XSD","size":6791,"attachTime":1660606009000},{"@type":"fileRecord","id":"@4","name":"metadata","type":"JSON","size":14513,"attachTime":1660606009000}]