[{"@type":"fileRecord","id":"@2","name":"extension","type":"XML","size":29697,"attachTime":1656220707000},{"@type":"fileRecord","id":"@3","name":"fault","type":"XSD","size":6416,"attachTime":1656220707000},{"@type":"fileRecord","id":"@6","name":"response","type":"XSD","size":9149,"attachTime":1656220707000},{"@type":"fileRecord","id":"@5","name":"request","type":"XSD","size":7869,"attachTime":1656220707000},{"@type":"fileRecord","id":"@4","name":"metadata","type":"JSON","size":5928,"attachTime":1656220707000}]