[{"@type":"mappingTemplate","id":"@1","name":"Transaction control repro","description":"hello","bundleVersion":"0","templateId":"@3","hasParameters":false,"valid":false,"fixedConnection":true,"hasParametersDeployed":false,"fixedConnectionDeployed":false,"isSchemaValidationEnabled":false,"tasks":0,"mappingPreviewFileRecordId":"@2","documentType":"MAPPING","references":[{"@type":"reference","refObjectId":"@9CJ0fmUdUbPjt0f3n2KN6E","refType":"connection"},{"@type":"reference","refObjectId":"@4MeqUvLY3Kal820pdS6iIA","refType":"connection"}]}]