[{"@type":"fileRecord","id":"@4","name":"metadata","type":"JSON","size":4715,"attachTime":1656633984000},{"@type":"fileRecord","id":"@2","name":"extension","type":"XML","size":28515,"attachTime":1656633984000},{"@type":"fileRecord","id":"@3","name":"fault","type":"XSD","size":6446,"attachTime":1656633984000},{"@type":"fileRecord","id":"@6","name":"response","type":"XSD","size":9169,"attachTime":1656633984000},{"@type":"fileRecord","id":"@5","name":"request","type":"XSD","size":6627,"attachTime":1656633984000}]