[{"@type":"drsTask","id":"@1","name":"DRS_BULK_EAU","autoExpireObject":false,"maxLogs":10,"sourceConnectionId":"@g4woOy7Ss2OhjMhqMkEHqj","targetConnectionId":"@aA657J0CMickakyQXADckq","tablePrefix":"SF_BULK_","verbose":true,"fullRefresh":false,"replicateAllObjects":false,"removeDeleted":true,"queryAll":false,"srcShowLabels":true,"maxRows":0,"stopOnError":true,"replicationObjects":["Account"],"excludedReplicationObjects":[],"majorUpdateTime":1713854150000,"metadataMode":0,"bulkApi":false,"base64BodySize":0.0,"bulkApiDBTarget":true,"fieldExclusions":[],"filters":[],"advancedFilters":[],"srcRuntimeAttrs":{"@type":"taskRuntimeAttrs","attrs":{"Maximum Rows Per Request":"0","PK Chunking size":"100000","Enable PK Chunking":"0","PK Chunking startRow ID":""}}}]