[{"@type":"dssTask","id":"@1","name":"SyncTask_MSD365_repro","description":"","maxLogs":10,"sourceConnectionId":"@8gLzS7cmttLcKR4TeBg9MV","targetConnectionId":"@0a0kPIkOhhigDvVU4xcFCU","targetObject":"contactleadsMSD365.csv","targetObjectLabel":"contactleadsMSD365.csv","operation":"Insert","maxRows":0,"truncateTarget":false,"bulkApiDBTarget":false,"verbose":false,"tgtFlatFileAttrs":{"@type":"flatFileAttrs","id":78880762,"delimiter":",","textQualifier":"\"","escapeChar":"","headerLineNo":1,"firstDataRow":2},"targetMetadataUpdated":false,"modelVersion":"V3-R600","queryAll":false,"srcSettings":{"@type":"taskDataSourceSetting","isShowLabels":true,"isNaturalOrder":true},"tgtSettings":{"@type":"taskDataSourceSetting","isShowLabels":false,"isNaturalOrder":true},"cfSettings":{"@type":"taskDataSourceSetting","isShowLabels":false,"isNaturalOrder":false},"bulkApi":false,"bulkApiSerialMode":false,"bulkApiMonitor":false,"isTargetObjectSfCustom":false,"allowNullUpdates":false,"targetBatchSize":200,"assignmentRuleId":"-1","assignmentRuleType":"None","createSuccessFile":false,"bulkApiHardDelete":false,"srcRuntimeAttrs":{"@type":"taskRuntimeAttrs","attrs":{"Page Size":"5000","Read Picklist Values":"0","Row Limit":"0","FetchXML Query":"","Record Name Aliases":""}},"tgtRuntimeAttrs":{"@type":"taskRuntimeAttrs","attrs":{}},"parameterFileEncoding":"UTF-8","serverlessProperties":{},"sourceObjects":[{"@type":"mObject","name":"contactleads","label":"contactleads","metadataUpdated":false,"relations":[],"children":[]}],"advancedFilters":[],"filters":[],"fieldMaps":[{"@type":"fieldMap","id":"68093803","targetField":{"@type":"field","id":228639745,"name":"overriddencreatedon","type":"datetime","uniqueName":"overriddencreatedon","label":"overriddencreatedon","parentObject":"contactleadsMSD365.csv","pcType":"DATE","precision":19,"scale":0,"columnIndex":0,"isKey":false,"isWaterMarkKey":false,"isExternalId":false,"isSfIdLookup":false,"isNullable":true,"isUnique":false,"isCreateable":false,"isUpdateable":true,"isFilterable":true,"isCalculated":false,"filterType":"DATETIME","showLabel":false,"naturalOrder":0,"typeConfigFields":[],"linkedFields":["overriddencreatedon"],"relatedInfos":[],"references":[]},"expression":"overriddencreatedon"},{"@type":"fieldMap","id":"68093806","targetField":{"@type":"field","id":228639748,"name":"leadid","type":"nstring","uniqueName":"leadid","label":"leadid","parentObject":"contactleadsMSD365.csv","pcType":"UNISTRING","precision":36,"scale":0,"columnIndex":1,"isKey":false,"isWaterMarkKey":false,"isExternalId":false,"isSfIdLookup":false,"isNullable":true,"isUnique":false,"isCreateable":false,"isUpdateable":true,"isFilterable":true,"isCalculated":false,"filterType":"STRING","showLabel":false,"naturalOrder":0,"typeConfigFields":[],"linkedFields":["leadid"],"relatedInfos":[],"references":[]},"expression":"leadid"},{"@type":"fieldMap","id":"68093809","targetField":{"@type":"field","id":228639751,"name":"versionnumber","type":"bigint","uniqueName":"versionnumber","label":"versionnumber","parentObject":"contactleadsMSD365.csv","pcType":"INT","precision":19,"scale":0,"columnIndex":2,"isKey":false,"isWaterMarkKey":false,"isExternalId":false,"isSfIdLookup":false,"isNullable":true,"isUnique":false,"isCreateable":false,"isUpdateable":true,"isFilterable":true,"isCalculated":false,"filterType":"INT","showLabel":false,"naturalOrder":0,"typeConfigFields":[],"linkedFields":["versionnumber"],"relatedInfos":[],"references":[]},"expression":"versionnumber"},{"@type":"fieldMap","id":"68093812","targetField":{"@type":"field","id":228639754,"name":"name","type":"nstring","uniqueName":"name","label":"name","parentObject":"contactleadsMSD365.csv","pcType":"UNISTRING","precision":255,"scale":0,"columnIndex":3,"isKey":false,"isWaterMarkKey":false,"isExternalId":false,"isSfIdLookup":false,"isNullable":true,"isUnique":false,"isCreateable":false,"isUpdateable":true,"isFilterable":true,"isCalculated":false,"filterType":"STRING","showLabel":false,"naturalOrder":0,"typeConfigFields":[],"linkedFields":["name"],"relatedInfos":[],"references":[]},"expression":"name"},{"@type":"fieldMap","id":"68093815","targetField":{"@type":"field","id":228639757,"name":"timezoneruleversionnumber","type":"int","uniqueName":"timezoneruleversionnumber","label":"timezoneruleversionnumber","parentObject":"contactleadsMSD365.csv","pcType":"INT","precision":10,"scale":0,"columnIndex":4,"isKey":false,"isWaterMarkKey":false,"isExternalId":false,"isSfIdLookup":false,"isNullable":true,"isUnique":false,"isCreateable":false,"isUpdateable":true,"isFilterable":true,"isCalculated":false,"filterType":"INT","showLabel":false,"naturalOrder":0,"typeConfigFields":[],"linkedFields":["timezoneruleversionnumber"],"relatedInfos":[],"references":[]},"expression":"timezoneruleversionnumber"},{"@type":"fieldMap","id":"68093818","targetField":{"@type":"field","id":228639760,"name":"contactid","type":"nstring","uniqueName":"contactid","label":"contactid","parentObject":"contactleadsMSD365.csv","pcType":"UNISTRING","precision":36,"scale":0,"columnIndex":5,"isKey":false,"isWaterMarkKey":false,"isExternalId":false,"isSfIdLookup":false,"isNullable":true,"isUnique":false,"isCreateable":false,"isUpdateable":true,"isFilterable":true,"isCalculated":false,"filterType":"STRING","showLabel":false,"naturalOrder":0,"typeConfigFields":[],"linkedFields":["contactid"],"relatedInfos":[],"references":[]},"expression":"contactid"},{"@type":"fieldMap","id":"68093821","targetField":{"@type":"field","id":228639763,"name":"contactleadid","type":"nstring","uniqueName":"contactleadid","label":"contactleadid","parentObject":"contactleadsMSD365.csv","pcType":"UNISTRING","precision":36,"scale":0,"columnIndex":6,"isKey":false,"isWaterMarkKey":false,"isExternalId":false,"isSfIdLookup":false,"isNullable":true,"isUnique":false,"isCreateable":false,"isUpdateable":true,"isFilterable":true,"isCalculated":false,"filterType":"STRING","showLabel":false,"naturalOrder":0,"typeConfigFields":[],"linkedFields":["contactleadid"],"relatedInfos":[],"references":[]},"expression":"contactleadid"},{"@type":"fieldMap","id":"68093824","targetField":{"@type":"field","id":228639766,"name":"importsequencenumber","type":"int","uniqueName":"importsequencenumber","label":"importsequencenumber","parentObject":"contactleadsMSD365.csv","pcType":"INT","precision":10,"scale":0,"columnIndex":7,"isKey":false,"isWaterMarkKey":false,"isExternalId":false,"isSfIdLookup":false,"isNullable":true,"isUnique":false,"isCreateable":false,"isUpdateable":true,"isFilterable":true,"isCalculated":false,"filterType":"INT","showLabel":false,"naturalOrder":0,"typeConfigFields":[],"linkedFields":["importsequencenumber"],"relatedInfos":[],"references":[]},"expression":"importsequencenumber"},{"@type":"fieldMap","id":"68093827","targetField":{"@type":"field","id":228639769,"name":"utcconversiontimezonecode","type":"int","uniqueName":"utcconversiontimezonecode","label":"utcconversiontimezonecode","parentObject":"contactleadsMSD365.csv","pcType":"INT","precision":10,"scale":0,"columnIndex":8,"isKey":false,"isWaterMarkKey":false,"isExternalId":false,"isSfIdLookup":false,"isNullable":true,"isUnique":false,"isCreateable":false,"isUpdateable":true,"isFilterable":true,"isCalculated":false,"filterType":"INT","showLabel":false,"naturalOrder":0,"typeConfigFields":[],"linkedFields":["utcconversiontimezonecode"],"relatedInfos":[],"references":[]},"expression":"utcconversiontimezonecode"}],"sourceFields":[{"@type":"field","id":228639772,"name":"overriddencreatedon","type":"datetimeoffset","uniqueName":"overriddencreatedon","label":"overriddencreatedon","parentObject":"contactleads","pcType":"TOOLKIT_DATETIME","precision":29,"scale":9,"columnIndex":-1,"isKey":false,"isWaterMarkKey":false,"isExternalId":false,"isSfIdLookup":false,"isNullable":false,"isUnique":false,"isCreateable":false,"isUpdateable":true,"isFilterable":true,"isCalculated":false,"filterType":"TOOLKIT_DATETIME","javaType":"java.sql.Timestamp","showLabel":true,"naturalOrder":0,"typeConfigFields":[],"linkedFields":["overriddencreatedon"],"relatedInfos":[],"references":[]},{"@type":"field","id":228639775,"name":"leadid","type":"guid","uniqueName":"leadid","label":"leadid","parentObject":"contactleads","pcType":"NSTRING","precision":36,"scale":0,"columnIndex":-1,"isKey":false,"isWaterMarkKey":false,"isExternalId":false,"isSfIdLookup":false,"isNullable":false,"isUnique":false,"isCreateable":false,"isUpdateable":true,"isFilterable":true,"isCalculated":false,"filterType":"STRING","javaType":"java.lang.String","showLabel":true,"naturalOrder":1,"typeConfigFields":[],"linkedFields":["leadid"],"relatedInfos":[],"references":[]},{"@type":"field","id":228639778,"name":"versionnumber","type":"int64","uniqueName":"versionnumber","label":"versionnumber","parentObject":"contactleads","pcType":"BIGINT","precision":19,"scale":0,"columnIndex":-1,"isKey":false,"isWaterMarkKey":false,"isExternalId":false,"isSfIdLookup":false,"isNullable":false,"isUnique":false,"isCreateable":false,"isUpdateable":true,"isFilterable":true,"isCalculated":false,"filterType":"INT","javaType":"java.math.BigInteger","showLabel":true,"naturalOrder":2,"typeConfigFields":[],"linkedFields":["versionnumber"],"relatedInfos":[],"references":[]},{"@type":"field","id":228639781,"name":"name","type":"string","uniqueName":"name","label":"name","parentObject":"contactleads","pcType":"NSTRING","precision":255,"scale":0,"columnIndex":-1,"isKey":false,"isWaterMarkKey":false,"isExternalId":false,"isSfIdLookup":false,"isNullable":false,"isUnique":false,"isCreateable":false,"isUpdateable":true,"isFilterable":true,"isCalculated":false,"filterType":"STRING","javaType":"java.lang.String","showLabel":true,"naturalOrder":3,"typeConfigFields":[],"linkedFields":["name"],"relatedInfos":[],"references":[]},{"@type":"field","id":228639784,"name":"timezoneruleversionnumber","type":"int32","uniqueName":"timezoneruleversionnumber","label":"timezoneruleversionnumber","parentObject":"contactleads","pcType":"INTEGER","precision":10,"scale":0,"columnIndex":-1,"isKey":false,"isWaterMarkKey":false,"isExternalId":false,"isSfIdLookup":false,"isNullable":false,"isUnique":false,"isCreateable":false,"isUpdateable":true,"isFilterable":true,"isCalculated":false,"filterType":"INT","javaType":"java.lang.Integer","showLabel":true,"naturalOrder":4,"typeConfigFields":[],"linkedFields":["timezoneruleversionnumber"],"relatedInfos":[],"references":[]},{"@type":"field","id":228639787,"name":"contactid","type":"guid","uniqueName":"contactid","label":"contactid","parentObject":"contactleads","pcType":"NSTRING","precision":36,"scale":0,"columnIndex":-1,"isKey":false,"isWaterMarkKey":false,"isExternalId":false,"isSfIdLookup":false,"isNullable":false,"isUnique":false,"isCreateable":false,"isUpdateable":true,"isFilterable":true,"isCalculated":false,"filterType":"STRING","javaType":"java.lang.String","showLabel":true,"naturalOrder":5,"typeConfigFields":[],"linkedFields":["contactid"],"relatedInfos":[],"references":[]},{"@type":"field","id":228639790,"name":"contactleadid","type":"guid","uniqueName":"contactleadid","label":"contactleadid","parentObject":"contactleads","pcType":"NSTRING","precision":36,"scale":0,"columnIndex":-1,"isKey":true,"isWaterMarkKey":false,"isExternalId":false,"isSfIdLookup":false,"isNullable":false,"isUnique":false,"isCreateable":false,"isUpdateable":true,"isFilterable":true,"isCalculated":false,"filterType":"STRING","javaType":"java.lang.String","showLabel":true,"naturalOrder":6,"typeConfigFields":[],"linkedFields":["contactleadid"],"relatedInfos":[],"references":[]},{"@type":"field","id":228639793,"name":"importsequencenumber","type":"int32","uniqueName":"importsequencenumber","label":"importsequencenumber","parentObject":"contactleads","pcType":"INTEGER","precision":10,"scale":0,"columnIndex":-1,"isKey":false,"isWaterMarkKey":false,"isExternalId":false,"isSfIdLookup":false,"isNullable":false,"isUnique":false,"isCreateable":false,"isUpdateable":true,"isFilterable":true,"isCalculated":false,"filterType":"INT","javaType":"java.lang.Integer","showLabel":true,"naturalOrder":7,"typeConfigFields":[],"linkedFields":["importsequencenumber"],"relatedInfos":[],"references":[]},{"@type":"field","id":228639796,"name":"utcconversiontimezonecode","type":"int32","uniqueName":"utcconversiontimezonecode","label":"utcconversiontimezonecode","parentObject":"contactleads","pcType":"INTEGER","precision":10,"scale":0,"columnIndex":-1,"isKey":false,"isWaterMarkKey":false,"isExternalId":false,"isSfIdLookup":false,"isNullable":false,"isUnique":false,"isCreateable":false,"isUpdateable":true,"isFilterable":true,"isCalculated":false,"filterType":"INT","javaType":"java.lang.Integer","showLabel":true,"naturalOrder":8,"typeConfigFields":[],"linkedFields":["utcconversiontimezonecode"],"relatedInfos":[],"references":[]}],"sortFields":[],"groupFields":[]}]