[{"@type":"customSource","id":"@1","name":"SavedQuery2","type":"Oracle","query":"SELECT * FROM N_ORDERS","fields":[{"@type":"field","id":233186158,"name":"ORDERID","type":"decimal","uniqueName":"ORDERID","label":"ORDERID","parentObject":"SavedQuery2","pcType":"HIPRECDECIMAL","precision":40,"scale":0,"columnIndex":0,"isKey":false,"isWaterMarkKey":false,"isExternalId":false,"isSfIdLookup":false,"isNullable":true,"isUnique":false,"isCreateable":false,"isUpdateable":true,"isFilterable":true,"isCalculated":false,"filterType":"DOUBLE","showLabel":true,"naturalOrder":0,"typeConfigFields":[],"linkedFields":[],"relatedInfos":[],"references":[]},{"@type":"field","id":233186161,"name":"QUANTITY","type":"decimal","uniqueName":"QUANTITY","label":"QUANTITY","parentObject":"SavedQuery2","pcType":"HIPRECDECIMAL","precision":40,"scale":0,"columnIndex":1,"isKey":false,"isWaterMarkKey":false,"isExternalId":false,"isSfIdLookup":false,"isNullable":true,"isUnique":false,"isCreateable":false,"isUpdateable":true,"isFilterable":true,"isCalculated":false,"filterType":"DOUBLE","showLabel":true,"naturalOrder":0,"typeConfigFields":[],"linkedFields":[],"relatedInfos":[],"references":[]},{"@type":"field","id":233186164,"name":"CUSTOMERID","type":"decimal","uniqueName":"CUSTOMERID","label":"CUSTOMERID","parentObject":"SavedQuery2","pcType":"HIPRECDECIMAL","precision":40,"scale":0,"columnIndex":2,"isKey":false,"isWaterMarkKey":false,"isExternalId":false,"isSfIdLookup":false,"isNullable":true,"isUnique":false,"isCreateable":false,"isUpdateable":true,"isFilterable":true,"isCalculated":false,"filterType":"DOUBLE","showLabel":true,"naturalOrder":0,"typeConfigFields":[],"linkedFields":[],"relatedInfos":[],"references":[]},{"@type":"field","id":233186167,"name":"SHIPMENTTRACKINGNO","type":"varchar","uniqueName":"SHIPMENTTRACKINGNO","label":"SHIPMENTTRACKINGNO","parentObject":"SavedQuery2","pcType":"STRING","precision":20,"scale":0,"columnIndex":3,"isKey":false,"isWaterMarkKey":false,"isExternalId":false,"isSfIdLookup":false,"isNullable":true,"isUnique":false,"isCreateable":false,"isUpdateable":true,"isFilterable":true,"isCalculated":false,"filterType":"STRING","showLabel":true,"naturalOrder":0,"typeConfigFields":[],"linkedFields":[],"relatedInfos":[],"references":[]},{"@type":"field","id":233186170,"name":"ORDERSTATUS","type":"varchar","uniqueName":"ORDERSTATUS","label":"ORDERSTATUS","parentObject":"SavedQuery2","pcType":"STRING","precision":20,"scale":0,"columnIndex":4,"isKey":false,"isWaterMarkKey":false,"isExternalId":false,"isSfIdLookup":false,"isNullable":true,"isUnique":false,"isCreateable":false,"isUpdateable":true,"isFilterable":true,"isCalculated":false,"filterType":"STRING","showLabel":true,"naturalOrder":0,"typeConfigFields":[],"linkedFields":[],"relatedInfos":[],"references":[]},{"@type":"field","id":233186173,"name":"PRODUCTDESCRIPTION","type":"varchar","uniqueName":"PRODUCTDESCRIPTION","label":"PRODUCTDESCRIPTION","parentObject":"SavedQuery2","pcType":"STRING","precision":60,"scale":0,"columnIndex":5,"isKey":false,"isWaterMarkKey":false,"isExternalId":false,"isSfIdLookup":false,"isNullable":true,"isUnique":false,"isCreateable":false,"isUpdateable":true,"isFilterable":true,"isCalculated":false,"filterType":"STRING","showLabel":true,"naturalOrder":0,"typeConfigFields":[],"linkedFields":[],"relatedInfos":[],"references":[]},{"@type":"field","id":233186176,"name":"OUTLETID","type":"varchar","uniqueName":"OUTLETID","label":"OUTLETID","parentObject":"SavedQuery2","pcType":"STRING","precision":20,"scale":0,"columnIndex":6,"isKey":false,"isWaterMarkKey":false,"isExternalId":false,"isSfIdLookup":false,"isNullable":true,"isUnique":false,"isCreateable":false,"isUpdateable":true,"isFilterable":true,"isCalculated":false,"filterType":"STRING","showLabel":true,"naturalOrder":0,"typeConfigFields":[],"linkedFields":[],"relatedInfos":[],"references":[]},{"@type":"field","id":233186179,"name":"PRODUCTID","type":"varchar","uniqueName":"PRODUCTID","label":"PRODUCTID","parentObject":"SavedQuery2","pcType":"STRING","precision":20,"scale":0,"columnIndex":7,"isKey":false,"isWaterMarkKey":false,"isExternalId":false,"isSfIdLookup":false,"isNullable":true,"isUnique":false,"isCreateable":false,"isUpdateable":true,"isFilterable":true,"isCalculated":false,"filterType":"STRING","showLabel":true,"naturalOrder":0,"typeConfigFields":[],"linkedFields":[],"relatedInfos":[],"references":[]}]}]