[{"@type":"mappingTemplate","id":"@1","name":"Mapping4","description":"","autoExpireObject":false,"bundleVersion":"0","assetFrsGuid":"7W2ZllSljYGhHcp5WMjYqI","templateId":"@3","deployTime":1662569447000,"hasParameters":false,"valid":true,"fixedConnection":true,"hasParametersDeployed":false,"fixedConnectionDeployed":true,"isSchemaValidationEnabled":false,"tasks":0,"mappingPreviewFileRecordId":"@2","documentType":"MAPPING","allowMaxFieldLength":false,"references":[{"@type":"reference","refObjectId":"@8gLzS7cmttLcKR4TeBg9MV","refType":"connection"},{"@type":"reference","refObjectId":"@0a0kPIkOhhigDvVU4xcFCU","refType":"connection"}]}]