[{"@type":"mappingTemplate","id":"@1","name":"PS_Parth_RestV2_Get_Weather_bycity","description":"","autoExpireObject":false,"bundleVersion":"0","assetFrsGuid":"1WcRA5T2G20gcIcIrFH96e","templateId":"@3","deployTime":1652451393000,"hasParameters":false,"valid":true,"fixedConnection":true,"hasParametersDeployed":false,"fixedConnectionDeployed":true,"isSchemaValidationEnabled":false,"tasks":0,"mappingPreviewFileRecordId":"@2","documentType":"MAPPING","allowMaxFieldLength":false,"references":[{"@type":"reference","refObjectId":"@iNEy9zfSMqLdsT1mCB2Fo6","refType":"connection"},{"@type":"reference","refObjectId":"@0a0kPIkOhhigDvVU4xcFCU","refType":"connection"}]}]