[{"@type":"mappingTemplate","id":"@1","name":"PS_Parth_MappletTransformation","description":"","autoExpireObject":false,"bundleVersion":"0","assetFrsGuid":"49743JqIRmKbyQdUDvWl4P","templateId":"@3","deployTime":1652451386000,"hasParameters":false,"valid":true,"fixedConnection":true,"hasParametersDeployed":false,"fixedConnectionDeployed":true,"isSchemaValidationEnabled":false,"tasks":0,"mappingPreviewFileRecordId":"@2","documentType":"MAPPING","allowMaxFieldLength":false,"references":[{"@type":"reference","refObjectId":"@3uu0qBiRbcHgp9k8z7hyAm","refType":"mappletTemplate"},{"@type":"reference","refObjectId":"@1bEYq8Tln0ahaHiBYJK6aq","refType":"connection"},{"@type":"reference","refObjectId":"@0a0kPIkOhhigDvVU4xcFCU","refType":"connection"}]}]