[{"@type":"mappingTemplate","id":"@1","name":"FF_to_SQLServer_mapping","description":"","bundleVersion":"0","templateId":"@3","deployTime":1683148829000,"hasParameters":false,"valid":true,"fixedConnection":true,"hasParametersDeployed":false,"fixedConnectionDeployed":true,"isSchemaValidationEnabled":false,"tasks":0,"mappingPreviewFileRecordId":"@2","documentType":"MAPPING","references":[{"@type":"reference","refObjectId":"@0a0kPIkOhhigDvVU4xcFCU","refType":"connection"},{"@type":"reference","refObjectId":"@iNcb3H2cj6PbNyll7I30SH","refType":"connection"}]}]