[{"@type":"mappingTemplate","id":"@1","name":"FFtoSnowflake_Upsert","description":"","bundleVersion":"0","templateId":"@3","deployTime":1655411927000,"hasParameters":false,"valid":true,"fixedConnection":true,"hasParametersDeployed":false,"fixedConnectionDeployed":true,"isSchemaValidationEnabled":false,"tasks":1,"mappingPreviewFileRecordId":"@2","documentType":"MAPPING","references":[{"@type":"reference","refObjectId":"@8GQehdBoBFxcQWZNpl7B6m","refType":"connection"},{"@type":"reference","refObjectId":"@0a0kPIkOhhigDvVU4xcFCU","refType":"connection"}]}]