[{"@type":"dssTask","id":"@1","name":"SyncTask_SavedQuery3","description":"","maxLogs":10,"scheduleId":"@2","sourceConnectionId":"@116vez42SY8frasbRWb5s9","targetConnectionId":"@4MeqUvLY3Kal820pdS6iIA","targetObject":"SavedQuery3.csv","operation":"Insert","maxRows":0,"truncateTarget":false,"bulkApiDBTarget":false,"verbose":false,"tgtFlatFileAttrs":{"@type":"flatFileAttrs","id":82494454,"delimiter":",","textQualifier":"\"","escapeChar":"","headerLineNo":1,"firstDataRow":2},"targetMetadataUpdated":false,"modelVersion":"V3-R600","queryAll":false,"srcSettings":{"@type":"taskDataSourceSetting","isShowLabels":false,"isNaturalOrder":true},"tgtSettings":{"@type":"taskDataSourceSetting","isShowLabels":false,"isNaturalOrder":true},"cfSettings":{"@type":"taskDataSourceSetting","isShowLabels":false,"isNaturalOrder":false},"bulkApi":false,"bulkApiSerialMode":false,"bulkApiMonitor":false,"isTargetObjectSfCustom":false,"allowNullUpdates":false,"targetBatchSize":200,"assignmentRuleId":"-1","assignmentRuleType":"None","createSuccessFile":false,"bulkApiHardDelete":false,"srcRuntimeAttrs":{"@type":"taskRuntimeAttrs","attrs":{}},"tgtRuntimeAttrs":{"@type":"taskRuntimeAttrs","attrs":{}},"parameterFileEncoding":"UTF-8","serverlessProperties":{},"sourceObjects":[{"@type":"mObject","name":"N_TOTALAMOUNT","label":"N_TOTALAMOUNT","metadataUpdated":false,"relations":[],"children":[]}],"advancedFilters":[],"filters":[],"fieldMaps":[{"@type":"fieldMap","id":"69295927","targetField":{"@type":"field","id":233190613,"name":"FULLNAME","type":"nstring","uniqueName":"FULLNAME","label":"FULLNAME","parentObject":"SavedQuery3.csv","pcType":"UNISTRING","precision":20,"scale":0,"columnIndex":0,"isKey":false,"isWaterMarkKey":false,"isExternalId":false,"isSfIdLookup":false,"isNullable":true,"isUnique":false,"isCreateable":false,"isUpdateable":true,"isFilterable":true,"isCalculated":false,"filterType":"STRING","showLabel":false,"naturalOrder":0,"typeConfigFields":[],"linkedFields":["FULLNAME"],"relatedInfos":[],"references":[]},"expression":"FULLNAME"},{"@type":"fieldMap","id":"69295930","targetField":{"@type":"field","id":233190616,"name":"ACCOUNTVALUE","type":"double","uniqueName":"ACCOUNTVALUE","label":"ACCOUNTVALUE","parentObject":"SavedQuery3.csv","pcType":"FLOAT","precision":15,"scale":0,"columnIndex":1,"isKey":false,"isWaterMarkKey":false,"isExternalId":false,"isSfIdLookup":false,"isNullable":true,"isUnique":false,"isCreateable":false,"isUpdateable":true,"isFilterable":true,"isCalculated":false,"filterType":"DOUBLE","showLabel":false,"naturalOrder":0,"typeConfigFields":[],"linkedFields":["ACCOUNTVALUE"],"relatedInfos":[],"references":[]},"expression":"ACCOUNTVALUE"}],"sourceFields":[{"@type":"field","id":233190619,"name":"FULLNAME","type":"varchar","uniqueName":"FULLNAME","label":"FULLNAME","parentObject":"N_TOTALAMOUNT","pcType":"STRING","precision":20,"scale":0,"columnIndex":0,"isKey":false,"isWaterMarkKey":false,"isExternalId":false,"isSfIdLookup":false,"isNullable":true,"isUnique":false,"isCreateable":false,"isUpdateable":true,"isFilterable":true,"isCalculated":false,"filterType":"STRING","showLabel":false,"naturalOrder":0,"typeConfigFields":[],"linkedFields":["FULLNAME"],"relatedInfos":[],"references":[]},{"@type":"field","id":233190622,"name":"ACCOUNTVALUE","type":"double","uniqueName":"ACCOUNTVALUE","label":"ACCOUNTVALUE","parentObject":"N_TOTALAMOUNT","pcType":"FLOAT","precision":15,"scale":0,"columnIndex":1,"isKey":false,"isWaterMarkKey":false,"isExternalId":false,"isSfIdLookup":false,"isNullable":true,"isUnique":false,"isCreateable":false,"isUpdateable":true,"isFilterable":true,"isCalculated":false,"filterType":"DOUBLE","showLabel":false,"naturalOrder":1,"typeConfigFields":[],"linkedFields":["ACCOUNTVALUE"],"relatedInfos":[],"references":[]}],"sortFields":[],"groupFields":[]}]