[{"@type":"mappingTemplate","id":"@1","name":"AA_repro_OracletoDynamics","description":"","bundleVersion":"0","templateId":"@3","deployTime":1660932758000,"hasParameters":false,"valid":true,"fixedConnection":true,"hasParametersDeployed":false,"fixedConnectionDeployed":true,"isSchemaValidationEnabled":false,"tasks":0,"mappingPreviewFileRecordId":"@2","documentType":"MAPPING","references":[{"@type":"reference","refObjectId":"@116vez42SY8frasbRWb5s9","refType":"connection"},{"@type":"reference","refObjectId":"@8gLzS7cmttLcKR4TeBg9MV","refType":"connection"}]}]