[{"@type":"mappingTemplate","id":"@1","name":"m_Snwflake_timestamp","description":"","bundleVersion":"0","templateId":"@3","deployTime":1687887464000,"hasParameters":false,"valid":true,"fixedConnection":true,"hasParametersDeployed":false,"fixedConnectionDeployed":true,"isSchemaValidationEnabled":false,"tasks":1,"mappingPreviewFileRecordId":"@2","documentType":"MAPPING","references":[{"@type":"reference","refObjectId":"@4pYZZGo6nTHk1Md49MUW8c","refType":"connection"},{"@type":"reference","refObjectId":"@2XyXVYwRVwEclcosvjrUu2","refType":"connection"}]}]