[{"@type":"dssTask","id":"@1","name":"PS_Parth_Employee","description":"","maxLogs":10,"sourceConnectionId":"@0a0kPIkOhhigDvVU4xcFCU","targetConnectionId":"@1bEYq8Tln0ahaHiBYJK6aq","targetObject":"Contact","targetObjectLabel":"Contact","operation":"Insert","maxRows":0,"truncateTarget":false,"bulkApiDBTarget":false,"verbose":false,"srcFlatFileAttrs":{"@type":"flatFileAttrs","id":58870765,"delimiter":",","textQualifier":"\"","escapeChar":"","headerLineNo":1,"firstDataRow":2},"targetMetadataUpdated":false,"modelVersion":"V3-R600","queryAll":false,"srcSettings":{"@type":"taskDataSourceSetting","isShowLabels":false,"isNaturalOrder":true},"tgtSettings":{"@type":"taskDataSourceSetting","isShowLabels":true,"isNaturalOrder":true},"cfSettings":{"@type":"taskDataSourceSetting","isShowLabels":false,"isNaturalOrder":true},"bulkApi":false,"bulkApiSerialMode":false,"bulkApiMonitor":false,"isTargetObjectSfCustom":false,"allowNullUpdates":false,"targetBatchSize":200,"assignmentRuleId":"-1","assignmentRuleType":"None","createSuccessFile":false,"bulkApiHardDelete":false,"srcRuntimeAttrs":{"@type":"taskRuntimeAttrs","attrs":{}},"tgtRuntimeAttrs":{"@type":"taskRuntimeAttrs","attrs":{}},"parameterFileEncoding":"UTF-8","serverlessProperties":{},"sourceObjects":[{"@type":"mObject","name":"Employee.csv","label":"Employee.csv","metadataUpdated":false,"relations":[],"children":[]}],"advancedFilters":[{"@type":"advancedFilter","id":"261058","objectName":"Employee.csv","objectLabel":"Employee.csv","expression":"(Department != 'Sales')"}],"filters":[],"fieldMaps":[{"@type":"fieldMap","id":"57454804","targetField":{"@type":"field","id":186485281,"name":"Id","type":"id","uniqueName":"Id","label":"Contact ID","parentObject":"Contact","pcType":"STRING","precision":18,"scale":0,"columnIndex":0,"isKey":true,"isWaterMarkKey":false,"isExternalId":false,"isSfIdLookup":true,"isNullable":false,"isUnique":false,"isCreateable":false,"isUpdateable":false,"isFilterable":true,"isCalculated":false,"filterType":"STRING","showLabel":true,"naturalOrder":0,"typeConfigFields":[],"linkedFields":["Emp_ID"],"relatedInfos":[],"references":[]},"expression":"Emp_ID"},{"@type":"fieldMap","id":"57454807","targetField":{"@type":"field","id":186485284,"name":"IsDeleted","type":"boolean","uniqueName":"IsDeleted","label":"Deleted","parentObject":"Contact","pcType":"INT","precision":10,"scale":0,"columnIndex":1,"isKey":false,"isWaterMarkKey":false,"isExternalId":false,"isSfIdLookup":false,"isNullable":false,"isUnique":false,"isCreateable":false,"isUpdateable":false,"isFilterable":true,"isCalculated":false,"filterType":"BOOLEAN","showLabel":true,"naturalOrder":1,"typeConfigFields":[],"linkedFields":[],"relatedInfos":[],"references":[]}},{"@type":"fieldMap","id":"57454810","targetField":{"@type":"field","id":186485287,"name":"MasterRecordId","type":"reference","uniqueName":"MasterRecordId","label":"Master Record ID","parentObject":"Contact","pcType":"STRING","precision":18,"scale":0,"columnIndex":2,"isKey":false,"isWaterMarkKey":false,"isExternalId":false,"isSfIdLookup":false,"isNullable":true,"isUnique":false,"isCreateable":false,"isUpdateable":false,"isFilterable":true,"isCalculated":false,"filterType":"STRING","showLabel":true,"naturalOrder":2,"typeConfigFields":[],"linkedFields":[],"relatedInfos":[{"@type":"fieldRelatedInfo","id":7839373,"referenceObject":"Contact","relationshipName":"MasterRecord","referenceField":{"@type":"field","id":-1,"precision":0,"scale":0,"columnIndex":-1,"isKey":false,"isWaterMarkKey":false,"isExternalId":false,"isSfIdLookup":false,"isNullable":true,"isUnique":false,"isCreateable":false,"isUpdateable":true,"isFilterable":true,"isCalculated":false,"showLabel":true,"naturalOrder":0,"typeConfigFields":[],"linkedFields":[],"relatedInfos":[],"references":[]}}],"references":[]}},{"@type":"fieldMap","id":"57454813","targetField":{"@type":"field","id":186485290,"name":"AccountId","type":"reference","uniqueName":"AccountId","label":"Account ID","parentObject":"Contact","pcType":"STRING","precision":18,"scale":0,"columnIndex":3,"isKey":false,"isWaterMarkKey":false,"isExternalId":false,"isSfIdLookup":false,"isNullable":true,"isUnique":false,"isCreateable":true,"isUpdateable":true,"isFilterable":true,"isCalculated":false,"filterType":"STRING","showLabel":true,"naturalOrder":3,"typeConfigFields":[],"linkedFields":["Outlet_Name"],"relatedInfos":[{"@type":"fieldRelatedInfo","id":7839376,"referenceObject":"Account","relationshipName":"Account","referenceField":{"@type":"field","id":-1,"precision":0,"scale":0,"columnIndex":-1,"isKey":false,"isWaterMarkKey":false,"isExternalId":false,"isSfIdLookup":false,"isNullable":true,"isUnique":false,"isCreateable":false,"isUpdateable":true,"isFilterable":true,"isCalculated":false,"showLabel":true,"naturalOrder":0,"typeConfigFields":[],"linkedFields":[],"relatedInfos":[],"references":[]}}],"references":[]},"lookup":{"@type":"lookup","id":"99232","connectionId":"@1bEYq8Tln0ahaHiBYJK6aq","object":"Account","objectLabel":"Account","outputField":{"@type":"field","id":186485293,"name":"Id","type":"id","uniqueName":"Id","label":"Account ID","parentObject":"Account","pcType":"STRING","precision":18,"scale":0,"columnIndex":0,"isKey":true,"isWaterMarkKey":false,"isExternalId":false,"isSfIdLookup":true,"isNullable":false,"isUnique":false,"isCreateable":false,"isUpdateable":false,"isFilterable":true,"isCalculated":false,"filterType":"STRING","showLabel":true,"naturalOrder":0,"typeConfigFields":[],"linkedFields":[],"relatedInfos":[],"references":[]},"multiplicityError":true,"settings":{"@type":"taskDataSourceSetting","isShowLabels":true,"isNaturalOrder":true},"objectRelations":[{"@type":"objectRelationExt","object1":"Employee.csv","object2":"Account","field1":{"@type":"field","id":186485296,"name":"Outlet_Name","type":"nstring","uniqueName":"Outlet_Name","label":"Outlet_Name","parentObject":"Employee.csv","pcType":"UNISTRING","precision":255,"scale":0,"columnIndex":3,"isKey":false,"isWaterMarkKey":false,"isExternalId":false,"isSfIdLookup":false,"isNullable":true,"isUnique":false,"isCreateable":false,"isUpdateable":true,"isFilterable":true,"isCalculated":false,"filterType":"STRING","showLabel":true,"naturalOrder":0,"typeConfigFields":[],"linkedFields":[],"relatedInfos":[],"references":[]},"field2":{"@type":"field","id":186485299,"name":"Name","type":"string","uniqueName":"Name","label":"Account Name","parentObject":"Account","pcType":"STRING","precision":255,"scale":0,"columnIndex":3,"isKey":false,"isWaterMarkKey":false,"isExternalId":false,"isSfIdLookup":false,"isNullable":false,"isUnique":false,"isCreateable":true,"isUpdateable":true,"isFilterable":true,"isCalculated":false,"filterType":"STRING","showLabel":true,"naturalOrder":3,"typeConfigFields":[],"linkedFields":[],"relatedInfos":[],"references":[]}}]}},{"@type":"fieldMap","id":"57454816","targetField":{"@type":"field","id":186485302,"name":"LastName","type":"string","uniqueName":"LastName","label":"Last Name","parentObject":"Contact","pcType":"STRING","precision":80,"scale":0,"columnIndex":4,"isKey":false,"isWaterMarkKey":false,"isExternalId":false,"isSfIdLookup":false,"isNullable":false,"isUnique":false,"isCreateable":true,"isUpdateable":true,"isFilterable":true,"isCalculated":false,"filterType":"STRING","showLabel":true,"naturalOrder":4,"typeConfigFields":[],"linkedFields":["Full_Name"],"relatedInfos":[],"references":[]},"expression":"IIF(INSTR(Full_Name,' ') > 0,substr(Full_Name,INSTR(Full_Name,' ')+1),'')"},{"@type":"fieldMap","id":"57454819","targetField":{"@type":"field","id":186485305,"name":"FirstName","type":"string","uniqueName":"FirstName","label":"First Name","parentObject":"Contact","pcType":"STRING","precision":40,"scale":0,"columnIndex":5,"isKey":false,"isWaterMarkKey":false,"isExternalId":false,"isSfIdLookup":false,"isNullable":true,"isUnique":false,"isCreateable":true,"isUpdateable":true,"isFilterable":true,"isCalculated":false,"filterType":"STRING","showLabel":true,"naturalOrder":5,"typeConfigFields":[],"linkedFields":["Full_Name"],"relatedInfos":[],"references":[]},"expression":"IIF(INSTR(Full_Name,' ') > 0, SUBSTR(Full_Name,0,INSTR(Full_Name,' ')),Full_Name)"},{"@type":"fieldMap","id":"57454822","targetField":{"@type":"field","id":186485308,"name":"Salutation","type":"picklist","uniqueName":"Salutation","label":"Salutation","parentObject":"Contact","pcType":"STRING","precision":40,"scale":0,"columnIndex":6,"isKey":false,"isWaterMarkKey":false,"isExternalId":false,"isSfIdLookup":false,"isNullable":true,"isUnique":false,"isCreateable":true,"isUpdateable":true,"isFilterable":true,"isCalculated":false,"filterType":"STRING","showLabel":true,"naturalOrder":6,"typeConfigFields":[],"linkedFields":[],"relatedInfos":[],"references":[]}},{"@type":"fieldMap","id":"57454825","targetField":{"@type":"field","id":186485311,"name":"Name","type":"string","uniqueName":"Name","label":"Full Name","parentObject":"Contact","pcType":"STRING","precision":121,"scale":0,"columnIndex":7,"isKey":false,"isWaterMarkKey":false,"isExternalId":false,"isSfIdLookup":false,"isNullable":false,"isUnique":false,"isCreateable":false,"isUpdateable":false,"isFilterable":true,"isCalculated":false,"filterType":"STRING","showLabel":true,"naturalOrder":7,"typeConfigFields":[],"linkedFields":[],"relatedInfos":[],"references":[]}},{"@type":"fieldMap","id":"57454828","targetField":{"@type":"field","id":186485314,"name":"OtherStreet","type":"textarea","uniqueName":"OtherStreet","label":"Other Street","parentObject":"Contact","pcType":"STRING","precision":255,"scale":0,"columnIndex":8,"isKey":false,"isWaterMarkKey":false,"isExternalId":false,"isSfIdLookup":false,"isNullable":true,"isUnique":false,"isCreateable":true,"isUpdateable":true,"isFilterable":true,"isCalculated":false,"filterType":"STRING","showLabel":true,"naturalOrder":8,"typeConfigFields":[],"linkedFields":[],"relatedInfos":[],"references":[]}},{"@type":"fieldMap","id":"57454831","targetField":{"@type":"field","id":186485317,"name":"OtherCity","type":"string","uniqueName":"OtherCity","label":"Other City","parentObject":"Contact","pcType":"STRING","precision":40,"scale":0,"columnIndex":9,"isKey":false,"isWaterMarkKey":false,"isExternalId":false,"isSfIdLookup":false,"isNullable":true,"isUnique":false,"isCreateable":true,"isUpdateable":true,"isFilterable":true,"isCalculated":false,"filterType":"STRING","showLabel":true,"naturalOrder":9,"typeConfigFields":[],"linkedFields":[],"relatedInfos":[],"references":[]}},{"@type":"fieldMap","id":"57454834","targetField":{"@type":"field","id":186485320,"name":"OtherState","type":"string","uniqueName":"OtherState","label":"Other State/Province","parentObject":"Contact","pcType":"STRING","precision":80,"scale":0,"columnIndex":10,"isKey":false,"isWaterMarkKey":false,"isExternalId":false,"isSfIdLookup":false,"isNullable":true,"isUnique":false,"isCreateable":true,"isUpdateable":true,"isFilterable":true,"isCalculated":false,"filterType":"STRING","showLabel":true,"naturalOrder":10,"typeConfigFields":[],"linkedFields":[],"relatedInfos":[],"references":[]}},{"@type":"fieldMap","id":"57454837","targetField":{"@type":"field","id":186485323,"name":"OtherPostalCode","type":"string","uniqueName":"OtherPostalCode","label":"Other Zip/Postal Code","parentObject":"Contact","pcType":"STRING","precision":20,"scale":0,"columnIndex":11,"isKey":false,"isWaterMarkKey":false,"isExternalId":false,"isSfIdLookup":false,"isNullable":true,"isUnique":false,"isCreateable":true,"isUpdateable":true,"isFilterable":true,"isCalculated":false,"filterType":"STRING","showLabel":true,"naturalOrder":11,"typeConfigFields":[],"linkedFields":[],"relatedInfos":[],"references":[]}},{"@type":"fieldMap","id":"57454840","targetField":{"@type":"field","id":186485326,"name":"OtherCountry","type":"string","uniqueName":"OtherCountry","label":"Other Country","parentObject":"Contact","pcType":"STRING","precision":80,"scale":0,"columnIndex":12,"isKey":false,"isWaterMarkKey":false,"isExternalId":false,"isSfIdLookup":false,"isNullable":true,"isUnique":false,"isCreateable":true,"isUpdateable":true,"isFilterable":true,"isCalculated":false,"filterType":"STRING","showLabel":true,"naturalOrder":12,"typeConfigFields":[],"linkedFields":[],"relatedInfos":[],"references":[]}},{"@type":"fieldMap","id":"57454843","targetField":{"@type":"field","id":186485329,"name":"OtherLatitude","type":"double","uniqueName":"OtherLatitude","label":"Other Latitude","parentObject":"Contact","pcType":"HIPRECDECIMAL","precision":18,"scale":15,"columnIndex":13,"isKey":false,"isWaterMarkKey":false,"isExternalId":false,"isSfIdLookup":false,"isNullable":true,"isUnique":false,"isCreateable":true,"isUpdateable":true,"isFilterable":true,"isCalculated":false,"filterType":"DOUBLE","showLabel":true,"naturalOrder":13,"typeConfigFields":[],"linkedFields":[],"relatedInfos":[],"references":[]}},{"@type":"fieldMap","id":"57454846","targetField":{"@type":"field","id":186485332,"name":"OtherLongitude","type":"double","uniqueName":"OtherLongitude","label":"Other Longitude","parentObject":"Contact","pcType":"HIPRECDECIMAL","precision":18,"scale":15,"columnIndex":14,"isKey":false,"isWaterMarkKey":false,"isExternalId":false,"isSfIdLookup":false,"isNullable":true,"isUnique":false,"isCreateable":true,"isUpdateable":true,"isFilterable":true,"isCalculated":false,"filterType":"DOUBLE","showLabel":true,"naturalOrder":14,"typeConfigFields":[],"linkedFields":[],"relatedInfos":[],"references":[]}},{"@type":"fieldMap","id":"57454849","targetField":{"@type":"field","id":186485335,"name":"OtherGeocodeAccuracy","type":"picklist","uniqueName":"OtherGeocodeAccuracy","label":"Other Geocode Accuracy","parentObject":"Contact","pcType":"STRING","precision":40,"scale":0,"columnIndex":15,"isKey":false,"isWaterMarkKey":false,"isExternalId":false,"isSfIdLookup":false,"isNullable":true,"isUnique":false,"isCreateable":true,"isUpdateable":true,"isFilterable":true,"isCalculated":false,"filterType":"STRING","showLabel":true,"naturalOrder":15,"typeConfigFields":[],"linkedFields":[],"relatedInfos":[],"references":[]}},{"@type":"fieldMap","id":"57454852","targetField":{"@type":"field","id":186485338,"name":"MailingStreet","type":"textarea","uniqueName":"MailingStreet","label":"Mailing Street","parentObject":"Contact","pcType":"STRING","precision":255,"scale":0,"columnIndex":16,"isKey":false,"isWaterMarkKey":false,"isExternalId":false,"isSfIdLookup":false,"isNullable":true,"isUnique":false,"isCreateable":true,"isUpdateable":true,"isFilterable":true,"isCalculated":false,"filterType":"STRING","showLabel":true,"naturalOrder":16,"typeConfigFields":[],"linkedFields":[],"relatedInfos":[],"references":[]}},{"@type":"fieldMap","id":"57454855","targetField":{"@type":"field","id":186485341,"name":"MailingCity","type":"string","uniqueName":"MailingCity","label":"Mailing City","parentObject":"Contact","pcType":"STRING","precision":40,"scale":0,"columnIndex":17,"isKey":false,"isWaterMarkKey":false,"isExternalId":false,"isSfIdLookup":false,"isNullable":true,"isUnique":false,"isCreateable":true,"isUpdateable":true,"isFilterable":true,"isCalculated":false,"filterType":"STRING","showLabel":true,"naturalOrder":17,"typeConfigFields":[],"linkedFields":[],"relatedInfos":[],"references":[]}},{"@type":"fieldMap","id":"57454858","targetField":{"@type":"field","id":186485344,"name":"MailingState","type":"string","uniqueName":"MailingState","label":"Mailing State/Province","parentObject":"Contact","pcType":"STRING","precision":80,"scale":0,"columnIndex":18,"isKey":false,"isWaterMarkKey":false,"isExternalId":false,"isSfIdLookup":false,"isNullable":true,"isUnique":false,"isCreateable":true,"isUpdateable":true,"isFilterable":true,"isCalculated":false,"filterType":"STRING","showLabel":true,"naturalOrder":18,"typeConfigFields":[],"linkedFields":[],"relatedInfos":[],"references":[]}},{"@type":"fieldMap","id":"57454861","targetField":{"@type":"field","id":186485347,"name":"MailingPostalCode","type":"string","uniqueName":"MailingPostalCode","label":"Mailing Zip/Postal Code","parentObject":"Contact","pcType":"STRING","precision":20,"scale":0,"columnIndex":19,"isKey":false,"isWaterMarkKey":false,"isExternalId":false,"isSfIdLookup":false,"isNullable":true,"isUnique":false,"isCreateable":true,"isUpdateable":true,"isFilterable":true,"isCalculated":false,"filterType":"STRING","showLabel":true,"naturalOrder":19,"typeConfigFields":[],"linkedFields":[],"relatedInfos":[],"references":[]}},{"@type":"fieldMap","id":"57454864","targetField":{"@type":"field","id":186485350,"name":"MailingCountry","type":"string","uniqueName":"MailingCountry","label":"Mailing Country","parentObject":"Contact","pcType":"STRING","precision":80,"scale":0,"columnIndex":20,"isKey":false,"isWaterMarkKey":false,"isExternalId":false,"isSfIdLookup":false,"isNullable":true,"isUnique":false,"isCreateable":true,"isUpdateable":true,"isFilterable":true,"isCalculated":false,"filterType":"STRING","showLabel":true,"naturalOrder":20,"typeConfigFields":[],"linkedFields":[],"relatedInfos":[],"references":[]}},{"@type":"fieldMap","id":"57454867","targetField":{"@type":"field","id":186485353,"name":"MailingLatitude","type":"double","uniqueName":"MailingLatitude","label":"Mailing Latitude","parentObject":"Contact","pcType":"HIPRECDECIMAL","precision":18,"scale":15,"columnIndex":21,"isKey":false,"isWaterMarkKey":false,"isExternalId":false,"isSfIdLookup":false,"isNullable":true,"isUnique":false,"isCreateable":true,"isUpdateable":true,"isFilterable":true,"isCalculated":false,"filterType":"DOUBLE","showLabel":true,"naturalOrder":21,"typeConfigFields":[],"linkedFields":[],"relatedInfos":[],"references":[]}},{"@type":"fieldMap","id":"57454870","targetField":{"@type":"field","id":186485356,"name":"MailingLongitude","type":"double","uniqueName":"MailingLongitude","label":"Mailing Longitude","parentObject":"Contact","pcType":"HIPRECDECIMAL","precision":18,"scale":15,"columnIndex":22,"isKey":false,"isWaterMarkKey":false,"isExternalId":false,"isSfIdLookup":false,"isNullable":true,"isUnique":false,"isCreateable":true,"isUpdateable":true,"isFilterable":true,"isCalculated":false,"filterType":"DOUBLE","showLabel":true,"naturalOrder":22,"typeConfigFields":[],"linkedFields":[],"relatedInfos":[],"references":[]}},{"@type":"fieldMap","id":"57454873","targetField":{"@type":"field","id":186485359,"name":"MailingGeocodeAccuracy","type":"picklist","uniqueName":"MailingGeocodeAccuracy","label":"Mailing Geocode Accuracy","parentObject":"Contact","pcType":"STRING","precision":40,"scale":0,"columnIndex":23,"isKey":false,"isWaterMarkKey":false,"isExternalId":false,"isSfIdLookup":false,"isNullable":true,"isUnique":false,"isCreateable":true,"isUpdateable":true,"isFilterable":true,"isCalculated":false,"filterType":"STRING","showLabel":true,"naturalOrder":23,"typeConfigFields":[],"linkedFields":[],"relatedInfos":[],"references":[]}},{"@type":"fieldMap","id":"57454876","targetField":{"@type":"field","id":186485362,"name":"Phone","type":"phone","uniqueName":"Phone","label":"Business Phone","parentObject":"Contact","pcType":"STRING","precision":40,"scale":0,"columnIndex":24,"isKey":false,"isWaterMarkKey":false,"isExternalId":false,"isSfIdLookup":false,"isNullable":true,"isUnique":false,"isCreateable":true,"isUpdateable":true,"isFilterable":true,"isCalculated":false,"filterType":"STRING","showLabel":true,"naturalOrder":24,"typeConfigFields":[],"linkedFields":["Phone"],"relatedInfos":[],"references":[]},"expression":"Phone"},{"@type":"fieldMap","id":"57454879","targetField":{"@type":"field","id":186485365,"name":"Fax","type":"phone","uniqueName":"Fax","label":"Business Fax","parentObject":"Contact","pcType":"STRING","precision":40,"scale":0,"columnIndex":25,"isKey":false,"isWaterMarkKey":false,"isExternalId":false,"isSfIdLookup":false,"isNullable":true,"isUnique":false,"isCreateable":true,"isUpdateable":true,"isFilterable":true,"isCalculated":false,"filterType":"STRING","showLabel":true,"naturalOrder":25,"typeConfigFields":[],"linkedFields":[],"relatedInfos":[],"references":[]}},{"@type":"fieldMap","id":"57454882","targetField":{"@type":"field","id":186485368,"name":"MobilePhone","type":"phone","uniqueName":"MobilePhone","label":"Mobile Phone","parentObject":"Contact","pcType":"STRING","precision":40,"scale":0,"columnIndex":26,"isKey":false,"isWaterMarkKey":false,"isExternalId":false,"isSfIdLookup":false,"isNullable":true,"isUnique":false,"isCreateable":true,"isUpdateable":true,"isFilterable":true,"isCalculated":false,"filterType":"STRING","showLabel":true,"naturalOrder":26,"typeConfigFields":[],"linkedFields":[],"relatedInfos":[],"references":[]}},{"@type":"fieldMap","id":"57454885","targetField":{"@type":"field","id":186485371,"name":"HomePhone","type":"phone","uniqueName":"HomePhone","label":"Home Phone","parentObject":"Contact","pcType":"STRING","precision":40,"scale":0,"columnIndex":27,"isKey":false,"isWaterMarkKey":false,"isExternalId":false,"isSfIdLookup":false,"isNullable":true,"isUnique":false,"isCreateable":true,"isUpdateable":true,"isFilterable":true,"isCalculated":false,"filterType":"STRING","showLabel":true,"naturalOrder":27,"typeConfigFields":[],"linkedFields":[],"relatedInfos":[],"references":[]}},{"@type":"fieldMap","id":"57454888","targetField":{"@type":"field","id":186485374,"name":"OtherPhone","type":"phone","uniqueName":"OtherPhone","label":"Other Phone","parentObject":"Contact","pcType":"STRING","precision":40,"scale":0,"columnIndex":28,"isKey":false,"isWaterMarkKey":false,"isExternalId":false,"isSfIdLookup":false,"isNullable":true,"isUnique":false,"isCreateable":true,"isUpdateable":true,"isFilterable":true,"isCalculated":false,"filterType":"STRING","showLabel":true,"naturalOrder":28,"typeConfigFields":[],"linkedFields":[],"relatedInfos":[],"references":[]}},{"@type":"fieldMap","id":"57454891","targetField":{"@type":"field","id":186485377,"name":"AssistantPhone","type":"phone","uniqueName":"AssistantPhone","label":"Asst. Phone","parentObject":"Contact","pcType":"STRING","precision":40,"scale":0,"columnIndex":29,"isKey":false,"isWaterMarkKey":false,"isExternalId":false,"isSfIdLookup":false,"isNullable":true,"isUnique":false,"isCreateable":true,"isUpdateable":true,"isFilterable":true,"isCalculated":false,"filterType":"STRING","showLabel":true,"naturalOrder":29,"typeConfigFields":[],"linkedFields":[],"relatedInfos":[],"references":[]}},{"@type":"fieldMap","id":"57454894","targetField":{"@type":"field","id":186485380,"name":"ReportsToId","type":"reference","uniqueName":"ReportsToId","label":"Reports To ID","parentObject":"Contact","pcType":"STRING","precision":18,"scale":0,"columnIndex":30,"isKey":false,"isWaterMarkKey":false,"isExternalId":false,"isSfIdLookup":false,"isNullable":true,"isUnique":false,"isCreateable":true,"isUpdateable":true,"isFilterable":true,"isCalculated":false,"filterType":"STRING","showLabel":true,"naturalOrder":30,"typeConfigFields":[],"linkedFields":[],"relatedInfos":[{"@type":"fieldRelatedInfo","id":7839379,"referenceObject":"Contact","relationshipName":"ReportsTo","referenceField":{"@type":"field","id":-1,"precision":0,"scale":0,"columnIndex":-1,"isKey":false,"isWaterMarkKey":false,"isExternalId":false,"isSfIdLookup":false,"isNullable":true,"isUnique":false,"isCreateable":false,"isUpdateable":true,"isFilterable":true,"isCalculated":false,"showLabel":true,"naturalOrder":0,"typeConfigFields":[],"linkedFields":[],"relatedInfos":[],"references":[]}}],"references":[]}},{"@type":"fieldMap","id":"57454897","targetField":{"@type":"field","id":186485383,"name":"Email","type":"email","uniqueName":"Email","label":"Email","parentObject":"Contact","pcType":"STRING","precision":80,"scale":0,"columnIndex":31,"isKey":false,"isWaterMarkKey":false,"isExternalId":false,"isSfIdLookup":true,"isNullable":true,"isUnique":false,"isCreateable":true,"isUpdateable":true,"isFilterable":true,"isCalculated":false,"filterType":"STRING","showLabel":true,"naturalOrder":31,"typeConfigFields":[],"linkedFields":["Email"],"relatedInfos":[],"references":[]},"expression":"Email"},{"@type":"fieldMap","id":"57454900","targetField":{"@type":"field","id":186485386,"name":"Title","type":"string","uniqueName":"Title","label":"Title","parentObject":"Contact","pcType":"STRING","precision":128,"scale":0,"columnIndex":32,"isKey":false,"isWaterMarkKey":false,"isExternalId":false,"isSfIdLookup":false,"isNullable":true,"isUnique":false,"isCreateable":true,"isUpdateable":true,"isFilterable":true,"isCalculated":false,"filterType":"STRING","showLabel":true,"naturalOrder":32,"typeConfigFields":[],"linkedFields":[],"relatedInfos":[],"references":[]}},{"@type":"fieldMap","id":"57454903","targetField":{"@type":"field","id":186485389,"name":"Department","type":"string","uniqueName":"Department","label":"Department","parentObject":"Contact","pcType":"STRING","precision":80,"scale":0,"columnIndex":33,"isKey":false,"isWaterMarkKey":false,"isExternalId":false,"isSfIdLookup":false,"isNullable":true,"isUnique":false,"isCreateable":true,"isUpdateable":true,"isFilterable":true,"isCalculated":false,"filterType":"STRING","showLabel":true,"naturalOrder":33,"typeConfigFields":[],"linkedFields":["Department"],"relatedInfos":[],"references":[]},"expression":"Department"},{"@type":"fieldMap","id":"57454906","targetField":{"@type":"field","id":186485392,"name":"AssistantName","type":"string","uniqueName":"AssistantName","label":"Assistant's Name","parentObject":"Contact","pcType":"STRING","precision":40,"scale":0,"columnIndex":34,"isKey":false,"isWaterMarkKey":false,"isExternalId":false,"isSfIdLookup":false,"isNullable":true,"isUnique":false,"isCreateable":true,"isUpdateable":true,"isFilterable":true,"isCalculated":false,"filterType":"STRING","showLabel":true,"naturalOrder":34,"typeConfigFields":[],"linkedFields":[],"relatedInfos":[],"references":[]}},{"@type":"fieldMap","id":"57454909","targetField":{"@type":"field","id":186485395,"name":"LeadSource","type":"picklist","uniqueName":"LeadSource","label":"Lead Source","parentObject":"Contact","pcType":"STRING","precision":255,"scale":0,"columnIndex":35,"isKey":false,"isWaterMarkKey":false,"isExternalId":false,"isSfIdLookup":false,"isNullable":true,"isUnique":false,"isCreateable":true,"isUpdateable":true,"isFilterable":true,"isCalculated":false,"filterType":"STRING","showLabel":true,"naturalOrder":35,"typeConfigFields":[],"linkedFields":[],"relatedInfos":[],"references":[]}},{"@type":"fieldMap","id":"57454912","targetField":{"@type":"field","id":186485398,"name":"Birthdate","type":"date","uniqueName":"Birthdate","label":"Birthdate","parentObject":"Contact","pcType":"DATE","precision":10,"scale":0,"columnIndex":36,"isKey":false,"isWaterMarkKey":false,"isExternalId":false,"isSfIdLookup":false,"isNullable":true,"isUnique":false,"isCreateable":true,"isUpdateable":true,"isFilterable":true,"isCalculated":false,"filterType":"DATE","showLabel":true,"naturalOrder":36,"typeConfigFields":[],"linkedFields":[],"relatedInfos":[],"references":[]}},{"@type":"fieldMap","id":"57454915","targetField":{"@type":"field","id":186485401,"name":"Description","type":"textarea","uniqueName":"Description","label":"Contact Description","parentObject":"Contact","pcType":"STRING","precision":32000,"scale":0,"columnIndex":37,"isKey":false,"isWaterMarkKey":false,"isExternalId":false,"isSfIdLookup":false,"isNullable":true,"isUnique":false,"isCreateable":true,"isUpdateable":true,"isFilterable":false,"isCalculated":false,"filterType":"STRING","showLabel":true,"naturalOrder":37,"typeConfigFields":[],"linkedFields":[],"relatedInfos":[],"references":[]}},{"@type":"fieldMap","id":"57454918","targetField":{"@type":"field","id":186485404,"name":"OwnerId","type":"reference","uniqueName":"OwnerId","label":"Owner ID","parentObject":"Contact","pcType":"STRING","precision":18,"scale":0,"columnIndex":38,"isKey":false,"isWaterMarkKey":false,"isExternalId":false,"isSfIdLookup":false,"isNullable":false,"isUnique":false,"isCreateable":true,"isUpdateable":true,"isFilterable":true,"isCalculated":false,"filterType":"STRING","showLabel":true,"naturalOrder":38,"typeConfigFields":[],"linkedFields":[],"relatedInfos":[{"@type":"fieldRelatedInfo","id":7839382,"referenceObject":"User","relationshipName":"Owner","referenceField":{"@type":"field","id":-1,"precision":0,"scale":0,"columnIndex":-1,"isKey":false,"isWaterMarkKey":false,"isExternalId":false,"isSfIdLookup":false,"isNullable":true,"isUnique":false,"isCreateable":false,"isUpdateable":true,"isFilterable":true,"isCalculated":false,"showLabel":true,"naturalOrder":0,"typeConfigFields":[],"linkedFields":[],"relatedInfos":[],"references":[]}}],"references":[]}},{"@type":"fieldMap","id":"57454921","targetField":{"@type":"field","id":186485407,"name":"CreatedDate","type":"datetime","uniqueName":"CreatedDate","label":"Created Date","parentObject":"Contact","pcType":"DATE","precision":24,"scale":0,"columnIndex":39,"isKey":false,"isWaterMarkKey":false,"isExternalId":false,"isSfIdLookup":false,"isNullable":false,"isUnique":false,"isCreateable":false,"isUpdateable":false,"isFilterable":true,"isCalculated":false,"filterType":"DATETIME","showLabel":true,"naturalOrder":39,"typeConfigFields":[],"linkedFields":[],"relatedInfos":[],"references":[]}},{"@type":"fieldMap","id":"57454924","targetField":{"@type":"field","id":186485410,"name":"CreatedById","type":"reference","uniqueName":"CreatedById","label":"Created By ID","parentObject":"Contact","pcType":"STRING","precision":18,"scale":0,"columnIndex":40,"isKey":false,"isWaterMarkKey":false,"isExternalId":false,"isSfIdLookup":false,"isNullable":false,"isUnique":false,"isCreateable":false,"isUpdateable":false,"isFilterable":true,"isCalculated":false,"filterType":"STRING","showLabel":true,"naturalOrder":40,"typeConfigFields":[],"linkedFields":[],"relatedInfos":[{"@type":"fieldRelatedInfo","id":7839385,"referenceObject":"User","relationshipName":"CreatedBy","referenceField":{"@type":"field","id":-1,"precision":0,"scale":0,"columnIndex":-1,"isKey":false,"isWaterMarkKey":false,"isExternalId":false,"isSfIdLookup":false,"isNullable":true,"isUnique":false,"isCreateable":false,"isUpdateable":true,"isFilterable":true,"isCalculated":false,"showLabel":true,"naturalOrder":0,"typeConfigFields":[],"linkedFields":[],"relatedInfos":[],"references":[]}}],"references":[]}},{"@type":"fieldMap","id":"57454927","targetField":{"@type":"field","id":186485413,"name":"LastModifiedDate","type":"datetime","uniqueName":"LastModifiedDate","label":"Last Modified Date","parentObject":"Contact","pcType":"DATE","precision":24,"scale":0,"columnIndex":41,"isKey":false,"isWaterMarkKey":false,"isExternalId":false,"isSfIdLookup":false,"isNullable":false,"isUnique":false,"isCreateable":false,"isUpdateable":false,"isFilterable":true,"isCalculated":false,"filterType":"DATETIME","showLabel":true,"naturalOrder":41,"typeConfigFields":[],"linkedFields":[],"relatedInfos":[],"references":[]}},{"@type":"fieldMap","id":"57454930","targetField":{"@type":"field","id":186485416,"name":"LastModifiedById","type":"reference","uniqueName":"LastModifiedById","label":"Last Modified By ID","parentObject":"Contact","pcType":"STRING","precision":18,"scale":0,"columnIndex":42,"isKey":false,"isWaterMarkKey":false,"isExternalId":false,"isSfIdLookup":false,"isNullable":false,"isUnique":false,"isCreateable":false,"isUpdateable":false,"isFilterable":true,"isCalculated":false,"filterType":"STRING","showLabel":true,"naturalOrder":42,"typeConfigFields":[],"linkedFields":[],"relatedInfos":[{"@type":"fieldRelatedInfo","id":7839388,"referenceObject":"User","relationshipName":"LastModifiedBy","referenceField":{"@type":"field","id":-1,"precision":0,"scale":0,"columnIndex":-1,"isKey":false,"isWaterMarkKey":false,"isExternalId":false,"isSfIdLookup":false,"isNullable":true,"isUnique":false,"isCreateable":false,"isUpdateable":true,"isFilterable":true,"isCalculated":false,"showLabel":true,"naturalOrder":0,"typeConfigFields":[],"linkedFields":[],"relatedInfos":[],"references":[]}}],"references":[]}},{"@type":"fieldMap","id":"57454933","targetField":{"@type":"field","id":186485419,"name":"SystemModstamp","type":"datetime","uniqueName":"SystemModstamp","label":"System Modstamp","parentObject":"Contact","pcType":"DATE","precision":24,"scale":0,"columnIndex":43,"isKey":false,"isWaterMarkKey":false,"isExternalId":false,"isSfIdLookup":false,"isNullable":false,"isUnique":false,"isCreateable":false,"isUpdateable":false,"isFilterable":true,"isCalculated":false,"filterType":"DATETIME","showLabel":true,"naturalOrder":43,"typeConfigFields":[],"linkedFields":[],"relatedInfos":[],"references":[]}},{"@type":"fieldMap","id":"57454936","targetField":{"@type":"field","id":186485422,"name":"LastActivityDate","type":"date","uniqueName":"LastActivityDate","label":"Last Activity","parentObject":"Contact","pcType":"DATE","precision":10,"scale":0,"columnIndex":44,"isKey":false,"isWaterMarkKey":false,"isExternalId":false,"isSfIdLookup":false,"isNullable":true,"isUnique":false,"isCreateable":false,"isUpdateable":false,"isFilterable":true,"isCalculated":false,"filterType":"DATE","showLabel":true,"naturalOrder":44,"typeConfigFields":[],"linkedFields":[],"relatedInfos":[],"references":[]}},{"@type":"fieldMap","id":"57454939","targetField":{"@type":"field","id":186485425,"name":"LastCURequestDate","type":"datetime","uniqueName":"LastCURequestDate","label":"Last Stay-in-Touch Request Date","parentObject":"Contact","pcType":"DATE","precision":24,"scale":0,"columnIndex":45,"isKey":false,"isWaterMarkKey":false,"isExternalId":false,"isSfIdLookup":false,"isNullable":true,"isUnique":false,"isCreateable":false,"isUpdateable":false,"isFilterable":true,"isCalculated":false,"filterType":"DATETIME","showLabel":true,"naturalOrder":45,"typeConfigFields":[],"linkedFields":[],"relatedInfos":[],"references":[]}},{"@type":"fieldMap","id":"57454942","targetField":{"@type":"field","id":186485428,"name":"LastCUUpdateDate","type":"datetime","uniqueName":"LastCUUpdateDate","label":"Last Stay-in-Touch Save Date","parentObject":"Contact","pcType":"DATE","precision":24,"scale":0,"columnIndex":46,"isKey":false,"isWaterMarkKey":false,"isExternalId":false,"isSfIdLookup":false,"isNullable":true,"isUnique":false,"isCreateable":false,"isUpdateable":false,"isFilterable":true,"isCalculated":false,"filterType":"DATETIME","showLabel":true,"naturalOrder":46,"typeConfigFields":[],"linkedFields":[],"relatedInfos":[],"references":[]}},{"@type":"fieldMap","id":"57454945","targetField":{"@type":"field","id":186485431,"name":"LastViewedDate","type":"datetime","uniqueName":"LastViewedDate","label":"Last Viewed Date","parentObject":"Contact","pcType":"DATE","precision":24,"scale":0,"columnIndex":47,"isKey":false,"isWaterMarkKey":false,"isExternalId":false,"isSfIdLookup":false,"isNullable":true,"isUnique":false,"isCreateable":false,"isUpdateable":false,"isFilterable":true,"isCalculated":false,"filterType":"DATETIME","showLabel":true,"naturalOrder":47,"typeConfigFields":[],"linkedFields":[],"relatedInfos":[],"references":[]}},{"@type":"fieldMap","id":"57454948","targetField":{"@type":"field","id":186485434,"name":"LastReferencedDate","type":"datetime","uniqueName":"LastReferencedDate","label":"Last Referenced Date","parentObject":"Contact","pcType":"DATE","precision":24,"scale":0,"columnIndex":48,"isKey":false,"isWaterMarkKey":false,"isExternalId":false,"isSfIdLookup":false,"isNullable":true,"isUnique":false,"isCreateable":false,"isUpdateable":false,"isFilterable":true,"isCalculated":false,"filterType":"DATETIME","showLabel":true,"naturalOrder":48,"typeConfigFields":[],"linkedFields":[],"relatedInfos":[],"references":[]}},{"@type":"fieldMap","id":"57454951","targetField":{"@type":"field","id":186485437,"name":"EmailBouncedReason","type":"string","uniqueName":"EmailBouncedReason","label":"Email Bounced Reason","parentObject":"Contact","pcType":"STRING","precision":255,"scale":0,"columnIndex":49,"isKey":false,"isWaterMarkKey":false,"isExternalId":false,"isSfIdLookup":false,"isNullable":true,"isUnique":false,"isCreateable":true,"isUpdateable":true,"isFilterable":true,"isCalculated":false,"filterType":"STRING","showLabel":true,"naturalOrder":49,"typeConfigFields":[],"linkedFields":[],"relatedInfos":[],"references":[]}},{"@type":"fieldMap","id":"57454954","targetField":{"@type":"field","id":186485440,"name":"EmailBouncedDate","type":"datetime","uniqueName":"EmailBouncedDate","label":"Email Bounced Date","parentObject":"Contact","pcType":"DATE","precision":24,"scale":0,"columnIndex":50,"isKey":false,"isWaterMarkKey":false,"isExternalId":false,"isSfIdLookup":false,"isNullable":true,"isUnique":false,"isCreateable":true,"isUpdateable":true,"isFilterable":true,"isCalculated":false,"filterType":"DATETIME","showLabel":true,"naturalOrder":50,"typeConfigFields":[],"linkedFields":[],"relatedInfos":[],"references":[]}},{"@type":"fieldMap","id":"57454957","targetField":{"@type":"field","id":186485443,"name":"IsEmailBounced","type":"boolean","uniqueName":"IsEmailBounced","label":"Is Email Bounced","parentObject":"Contact","pcType":"INT","precision":10,"scale":0,"columnIndex":51,"isKey":false,"isWaterMarkKey":false,"isExternalId":false,"isSfIdLookup":false,"isNullable":false,"isUnique":false,"isCreateable":false,"isUpdateable":false,"isFilterable":true,"isCalculated":false,"filterType":"BOOLEAN","showLabel":true,"naturalOrder":51,"typeConfigFields":[],"linkedFields":[],"relatedInfos":[],"references":[]}},{"@type":"fieldMap","id":"57454960","targetField":{"@type":"field","id":186485446,"name":"PhotoUrl","type":"url","uniqueName":"PhotoUrl","label":"Photo URL","parentObject":"Contact","pcType":"STRING","precision":255,"scale":0,"columnIndex":52,"isKey":false,"isWaterMarkKey":false,"isExternalId":false,"isSfIdLookup":false,"isNullable":true,"isUnique":false,"isCreateable":false,"isUpdateable":false,"isFilterable":true,"isCalculated":false,"filterType":"STRING","showLabel":true,"naturalOrder":52,"typeConfigFields":[],"linkedFields":[],"relatedInfos":[],"references":[]}},{"@type":"fieldMap","id":"57454963","targetField":{"@type":"field","id":186485449,"name":"Jigsaw","type":"string","uniqueName":"Jigsaw","label":"Data.com Key","parentObject":"Contact","pcType":"STRING","precision":20,"scale":0,"columnIndex":53,"isKey":false,"isWaterMarkKey":false,"isExternalId":false,"isSfIdLookup":false,"isNullable":true,"isUnique":false,"isCreateable":true,"isUpdateable":true,"isFilterable":true,"isCalculated":false,"filterType":"STRING","showLabel":true,"naturalOrder":53,"typeConfigFields":[],"linkedFields":[],"relatedInfos":[],"references":[]}},{"@type":"fieldMap","id":"57454966","targetField":{"@type":"field","id":186485452,"name":"JigsawContactId","type":"string","uniqueName":"JigsawContactId","label":"Jigsaw Contact ID","parentObject":"Contact","pcType":"STRING","precision":20,"scale":0,"columnIndex":54,"isKey":false,"isWaterMarkKey":false,"isExternalId":false,"isSfIdLookup":false,"isNullable":true,"isUnique":false,"isCreateable":false,"isUpdateable":false,"isFilterable":true,"isCalculated":false,"filterType":"STRING","showLabel":true,"naturalOrder":54,"typeConfigFields":[],"linkedFields":[],"relatedInfos":[],"references":[]}},{"@type":"fieldMap","id":"57454969","targetField":{"@type":"field","id":186485455,"name":"CleanStatus","type":"picklist","uniqueName":"CleanStatus","label":"Clean Status","parentObject":"Contact","pcType":"STRING","precision":40,"scale":0,"columnIndex":55,"isKey":false,"isWaterMarkKey":false,"isExternalId":false,"isSfIdLookup":false,"isNullable":true,"isUnique":false,"isCreateable":true,"isUpdateable":true,"isFilterable":true,"isCalculated":false,"filterType":"STRING","showLabel":true,"naturalOrder":55,"typeConfigFields":[],"linkedFields":[],"relatedInfos":[],"references":[]}},{"@type":"fieldMap","id":"57454972","targetField":{"@type":"field","id":186485458,"name":"IndividualId","type":"reference","uniqueName":"IndividualId","label":"Individual ID","parentObject":"Contact","pcType":"STRING","precision":18,"scale":0,"columnIndex":56,"isKey":false,"isWaterMarkKey":false,"isExternalId":false,"isSfIdLookup":false,"isNullable":true,"isUnique":false,"isCreateable":true,"isUpdateable":true,"isFilterable":true,"isCalculated":false,"filterType":"STRING","showLabel":true,"naturalOrder":56,"typeConfigFields":[],"linkedFields":[],"relatedInfos":[{"@type":"fieldRelatedInfo","id":7839391,"referenceObject":"Individual","relationshipName":"Individual","referenceField":{"@type":"field","id":-1,"precision":0,"scale":0,"columnIndex":-1,"isKey":false,"isWaterMarkKey":false,"isExternalId":false,"isSfIdLookup":false,"isNullable":true,"isUnique":false,"isCreateable":false,"isUpdateable":true,"isFilterable":true,"isCalculated":false,"showLabel":true,"naturalOrder":0,"typeConfigFields":[],"linkedFields":[],"relatedInfos":[],"references":[]}}],"references":[]}},{"@type":"fieldMap","id":"57454975","targetField":{"@type":"field","id":186485461,"name":"Level__c","type":"picklist","uniqueName":"Level__c","label":"Level","parentObject":"Contact","pcType":"STRING","precision":255,"scale":0,"columnIndex":57,"isKey":false,"isWaterMarkKey":false,"isExternalId":false,"isSfIdLookup":false,"isNullable":true,"isUnique":false,"isCreateable":true,"isUpdateable":true,"isFilterable":true,"isCalculated":false,"filterType":"STRING","showLabel":true,"naturalOrder":57,"typeConfigFields":[],"linkedFields":[],"relatedInfos":[],"references":[]}},{"@type":"fieldMap","id":"57454978","targetField":{"@type":"field","id":186485464,"name":"Languages__c","type":"string","uniqueName":"Languages__c","label":"Languages","parentObject":"Contact","pcType":"STRING","precision":100,"scale":0,"columnIndex":58,"isKey":false,"isWaterMarkKey":false,"isExternalId":false,"isSfIdLookup":false,"isNullable":true,"isUnique":false,"isCreateable":true,"isUpdateable":true,"isFilterable":true,"isCalculated":false,"filterType":"STRING","showLabel":true,"naturalOrder":58,"typeConfigFields":[],"linkedFields":[],"relatedInfos":[],"references":[]}}],"sourceFields":[{"@type":"field","id":186485467,"name":"Emp_ID","type":"nstring","uniqueName":"Emp_ID","label":"Emp_ID","parentObject":"Employee.csv","pcType":"UNISTRING","precision":18,"scale":0,"columnIndex":0,"isKey":false,"isWaterMarkKey":false,"isExternalId":false,"isSfIdLookup":false,"isNullable":true,"isUnique":false,"isCreateable":false,"isUpdateable":true,"isFilterable":true,"isCalculated":false,"filterType":"STRING","showLabel":false,"naturalOrder":0,"typeConfigFields":[],"linkedFields":["Id"],"relatedInfos":[],"references":[]},{"@type":"field","id":186485470,"name":"Full_Name","type":"nstring","uniqueName":"Full_Name","label":"Full_Name","parentObject":"Employee.csv","pcType":"UNISTRING","precision":255,"scale":0,"columnIndex":1,"isKey":false,"isWaterMarkKey":false,"isExternalId":false,"isSfIdLookup":false,"isNullable":true,"isUnique":false,"isCreateable":false,"isUpdateable":true,"isFilterable":true,"isCalculated":false,"filterType":"STRING","showLabel":false,"naturalOrder":0,"typeConfigFields":[],"linkedFields":["FirstName","LastName"],"relatedInfos":[],"references":[]},{"@type":"field","id":186485473,"name":"Email","type":"nstring","uniqueName":"Email","label":"Email","parentObject":"Employee.csv","pcType":"UNISTRING","precision":80,"scale":0,"columnIndex":2,"isKey":false,"isWaterMarkKey":false,"isExternalId":false,"isSfIdLookup":false,"isNullable":true,"isUnique":false,"isCreateable":false,"isUpdateable":true,"isFilterable":true,"isCalculated":false,"filterType":"STRING","showLabel":false,"naturalOrder":0,"typeConfigFields":[],"linkedFields":["Email"],"relatedInfos":[],"references":[]},{"@type":"field","id":186485476,"name":"Outlet_Name","type":"nstring","uniqueName":"Outlet_Name","label":"Outlet_Name","parentObject":"Employee.csv","pcType":"UNISTRING","precision":255,"scale":0,"columnIndex":3,"isKey":false,"isWaterMarkKey":false,"isExternalId":false,"isSfIdLookup":false,"isNullable":true,"isUnique":false,"isCreateable":false,"isUpdateable":true,"isFilterable":true,"isCalculated":false,"filterType":"STRING","showLabel":false,"naturalOrder":0,"typeConfigFields":[],"linkedFields":["AccountId"],"relatedInfos":[],"references":[]},{"@type":"field","id":186485479,"name":"Department","type":"nstring","uniqueName":"Department","label":"Department","parentObject":"Employee.csv","pcType":"UNISTRING","precision":80,"scale":0,"columnIndex":4,"isKey":false,"isWaterMarkKey":false,"isExternalId":false,"isSfIdLookup":false,"isNullable":true,"isUnique":false,"isCreateable":false,"isUpdateable":true,"isFilterable":true,"isCalculated":false,"filterType":"STRING","showLabel":false,"naturalOrder":0,"typeConfigFields":[],"linkedFields":["Department"],"relatedInfos":[],"references":[]},{"@type":"field","id":186485482,"name":"Phone","type":"nstring","uniqueName":"Phone","label":"Phone","parentObject":"Employee.csv","pcType":"UNISTRING","precision":40,"scale":0,"columnIndex":5,"isKey":false,"isWaterMarkKey":false,"isExternalId":false,"isSfIdLookup":false,"isNullable":true,"isUnique":false,"isCreateable":false,"isUpdateable":true,"isFilterable":true,"isCalculated":false,"filterType":"STRING","showLabel":false,"naturalOrder":0,"typeConfigFields":[],"linkedFields":["Phone"],"relatedInfos":[],"references":[]}],"sortFields":[],"groupFields":[]}]