[{"@type":"businessService","id":"@1","name":"PS_Parth_BusinessService_NumberConversion","description":"","autoExpireObject":false,"type":"WebService","connectionId":"@5SjsgSltUqegsmOjWQtoix","enableDynamicRefresh":false,"businessOperations":[{"@type":"businessOperation","id":"@3V5OkaPrpvBdrIKqvWgkmy@NumberToDollars","originName":"NumberToDollars","name":"NumberToDollars","description":"","configured":false,"metadataId":"@4","requestId":"@5","responseId":"@6","faultId":"@3","extensionXmlId":"@2"}]}]