[{"@type":"fileRecord","id":"@6","name":"response","type":"XSD","size":4961,"attachTime":1652451391000},{"@type":"fileRecord","id":"@5","name":"request","type":"XSD","size":4915,"attachTime":1652451391000},{"@type":"fileRecord","id":"@4","name":"metadata","type":"JSON","size":2907,"attachTime":1652451391000},{"@type":"fileRecord","id":"@3","name":"fault","type":"XSD","size":4800,"attachTime":1652451391000},{"@type":"fileRecord","id":"@2","name":"extension","type":"XML","size":16263,"attachTime":1652451391000}]