[{"@type":"mappingTemplate","id":"@1","name":"Mapping5","description":"","autoExpireObject":false,"bundleVersion":"0","assetFrsGuid":"23XuLO0eUwik6wxBvDIKAs","templateId":"@3","deployTime":1657230365000,"hasParameters":false,"valid":true,"fixedConnection":true,"hasParametersDeployed":false,"fixedConnectionDeployed":true,"isSchemaValidationEnabled":false,"tasks":0,"mappingPreviewFileRecordId":"@2","documentType":"MAPPING","allowMaxFieldLength":false,"references":[{"@type":"reference","refObjectId":"@116vez42SY8frasbRWb5s9","refType":"connection"},{"@type":"reference","refObjectId":"@0a0kPIkOhhigDvVU4xcFCU","refType":"connection"}]}]