[{"@type":"fileRecord","id":"@2","name":"extension","type":"XML","size":28360,"attachTime":1656526500000},{"@type":"fileRecord","id":"@3","name":"fault","type":"XSD","size":6446,"attachTime":1656526500000},{"@type":"fileRecord","id":"@6","name":"response","type":"XSD","size":9169,"attachTime":1656526500000},{"@type":"fileRecord","id":"@5","name":"request","type":"XSD","size":6472,"attachTime":1656526500000},{"@type":"fileRecord","id":"@4","name":"metadata","type":"JSON","size":4504,"attachTime":1656526500000}]