[{"@type":"mappingTemplate","id":"@1","name":"PS_Parth_StructureParserMapping","description":"","bundleVersion":"0","templateId":"@3","deployTime":1652451390000,"hasParameters":false,"valid":true,"fixedConnection":true,"hasParametersDeployed":false,"fixedConnectionDeployed":true,"isSchemaValidationEnabled":false,"tasks":0,"mappingPreviewFileRecordId":"@2","documentType":"MAPPING","references":[{"@type":"reference","refObjectId":"@0a0kPIkOhhigDvVU4xcFCU","refType":"connection"},{"@type":"reference","refObjectId":"@dWEl5klQV2yee1uD8JxSSP","refType":"structureDefinition"}]}]