[{"@type":"mtTask","id":"@1","name":"PS-ParameterizedMappingTask","description":"","runtimeEnvironmentId":"@8KunkggLxl9dikHa8cZpe1","maxLogs":10,"verbose":false,"mappingId":"@d4eJEBWTwQndYGBjAoKI2S","frsGuid":"6TwXFBWNYUzeeHCZgsA5Oz","shortDescription":"","sessionPropertiesList":[{"name":"Allow Temporary Sequence for Pushdown","value":"NO","recommended":false},{"name":"Allow Temporary View for Pushdown","value":"NO","recommended":false},{"name":"Pushdown Optimization","value":"None","recommended":false}],"enableCrossSchemaPushdown":true,"enableParallelRun":false,"autoTunedApplied":false,"autoTunedAppliedType":"NONE","parameterFileName":"userparameters.txt","parameterFileDir":"C:\\Program Files\\Informatica Cloud Secure Agent\\apps\\Data_Integration_Server\\data\\userparameters","paramFileType":"PARAM_FILE_LOCAL","schemaMode":"async","valid":true,"schemaValidationErrorCount":-1,"parameterFileEncoding":"UTF-8","serverlessProperties":{},"taskProperties":[{"@type":"taskProperty","name":"parameterFileDir","currentValue":"C:\\Program Files\\Informatica Cloud Secure Agent\\apps\\Data_Integration_Server\\data\\userparameters","type":"STRING","label":"label.parameterFileDir","required":false},{"@type":"taskProperty","name":"parameterFileName","currentValue":"userparameters.txt","type":"STRING","label":"label.parameterFileName","required":false}],"parameters":[{"@type":"mtTaskParameter","id":516799789,"name":"$SO_Salesforce$","type":"EXTENDED_SOURCE","label":"Salesforce (P_SalesforceConnection)","description":"","uiProperties":{"connectionParameterized":"true","paramName":"P_SalesforceConnection","paramLabel":"Salesforce","paramType-mapping":"Connection","logcnx":"P_SalesforceConnection","isSelectDistinct":"false","isMsrcFilterParameterized":"false","isMsrcSortParameterized":"false","objlabel":"Salesforce","origobjlabel":"Salesforce","objectParameterized":"true","objDesc":"","objectParamName":"P_SalesforceObject","objectParamType-mapping":"DataObject","originalPath":"SO_Salesforce"},"sourceConnectionId":"@1bEYq8Tln0ahaHiBYJK6aq","newFlatFile":false,"newObject":false,"showBusinessNames":true,"naturalOrder":true,"truncateTarget":false,"bulkApiDBTarget":false,"customFuncCfg":{"@type":"customFuncConfig","id":-1,"connections":[],"inputMap":[],"outputFields":[]},"targetRefsV2":{},"targetUpdateColumns":[],"extendedObject":{"@type":"extendedObject","object":{"@type":"mObject","name":"Opportunity","label":"Opportunity","metadataUpdated":false,"relations":[],"children":[]},"singleMode":true,"objects":[{"@type":"mObject","name":"Opportunity","label":"Opportunity","metadataUpdated":false,"relations":[],"children":[]}],"filters":[],"sortFields":[]},"runtimeAttrs":{},"isRESTModernSource":true,"isFileList":false,"handleSpecialChars":false,"handleDecimalRoundOff":false,"frsAsset":false,"dynamicFileName":false,"excludeDynamicFileNameField":false,"currentlyProcessedFileName":false,"retainFieldMetadata":false,"useExactSrcNames":false,"fetchMode":"ORIGINAL","tgtObjectAttributes":{},"runtimeParameterData":{"@type":"mtTaskRuntimeParameterData","isConnectionRuntimeParameter":false,"isObjectRuntimeParameter":false,"connectionParameterName":"P_SalesforceConnection","objectParameterName":"P_SalesforceObject"},"overridableProperties":[],"overriddenFields":[]},{"@type":"mtTaskParameter","id":516799792,"name":"$TG_HighProbOpptys$","type":"TARGET","label":"LocalCSVFile (P_LocalCSVConnection)","description":"","uiProperties":{"connectionParameterized":"true","paramName":"P_LocalCSVConnection","paramLabel":"LocalCSVFile","paramType-mapping":"Connection","logcnx":"P_LocalCSVConnection","objlabel":"HighProbabilityOpportunities","origobjlabel":"HighProbabilityOpportunities","objectParameterized":"true","objDesc":"","objectParamName":"P_HighProb","objectParamType-mapping":"DataObject","defaultTargetUpdateColumns":"","supportApplyDDLChanges":"true","originalPath":"TG_HighProbOpptys"},"targetConnectionId":"@0a0kPIkOhhigDvVU4xcFCU","targetObject":"Target_High.csv","targetObjectLabel":"Target_High.csv","newFlatFile":false,"newObject":true,"showBusinessNames":true,"naturalOrder":true,"newObjectName":"Target_High.csv","truncateTarget":false,"bulkApiDBTarget":false,"operationType":"Insert","customFuncCfg":{"@type":"customFuncConfig","id":-1,"connections":[],"inputMap":[],"outputFields":[]},"targetRefsV2":{},"targetUpdateColumns":[],"extendedObject":{"@type":"extendedObject","singleMode":true,"filters":[],"sortFields":[]},"runtimeAttrs":{},"isRESTModernSource":true,"isFileList":false,"handleSpecialChars":false,"handleDecimalRoundOff":false,"frsAsset":false,"dynamicFileName":false,"excludeDynamicFileNameField":false,"currentlyProcessedFileName":false,"retainFieldMetadata":false,"objectName":"Target_High.csv","objectLabel":"Target_High.csv","useExactSrcNames":false,"fetchMode":"ORIGINAL","tgtObjectAttributes":{},"targetSchemaMode":"DONT_APPLY_CHANGES","runtimeParameterData":{"@type":"mtTaskRuntimeParameterData","isConnectionRuntimeParameter":false,"isObjectRuntimeParameter":false,"connectionParameterName":"P_LocalCSVConnection","objectParameterName":"P_HighProb"},"overridableProperties":[],"overriddenFields":[]},{"@type":"mtTaskParameter","id":516799795,"name":"$TG_LowProbOpptys$","type":"TARGET","label":"LocalCSVFile (P_LocalCSVConnection)","description":"","uiProperties":{"connectionParameterized":"true","paramName":"P_LocalCSVConnection","paramLabel":"LocalCSVFile","paramType-mapping":"Connection","logcnx":"P_LocalCSVConnection","objlabel":"LowProbabilityOpportunities","origobjlabel":"LowProbabilityOpportunities","objectParameterized":"true","objDesc":"","objectParamName":"P_LowProb","objectParamType-mapping":"DataObject","defaultTargetUpdateColumns":"","supportApplyDDLChanges":"true","originalPath":"TG_LowProbOpptys"},"targetConnectionId":"@0a0kPIkOhhigDvVU4xcFCU","targetObject":"Target_Low.csv","targetObjectLabel":"Target_Low.csv","newFlatFile":false,"newObject":true,"showBusinessNames":true,"naturalOrder":true,"newObjectName":"Target_Low.csv","truncateTarget":false,"bulkApiDBTarget":false,"operationType":"Insert","customFuncCfg":{"@type":"customFuncConfig","id":-1,"connections":[],"inputMap":[],"outputFields":[]},"targetRefsV2":{},"targetUpdateColumns":[],"extendedObject":{"@type":"extendedObject","singleMode":true,"filters":[],"sortFields":[]},"runtimeAttrs":{},"isRESTModernSource":true,"isFileList":false,"handleSpecialChars":false,"handleDecimalRoundOff":false,"frsAsset":false,"dynamicFileName":false,"excludeDynamicFileNameField":false,"currentlyProcessedFileName":false,"retainFieldMetadata":false,"objectName":"Target_Low.csv","objectLabel":"Target_Low.csv","useExactSrcNames":false,"fetchMode":"ORIGINAL","tgtObjectAttributes":{},"targetSchemaMode":"DONT_APPLY_CHANGES","runtimeParameterData":{"@type":"mtTaskRuntimeParameterData","isConnectionRuntimeParameter":false,"isObjectRuntimeParameter":false,"connectionParameterName":"P_LocalCSVConnection","objectParameterName":"P_LowProb"},"overridableProperties":[],"overriddenFields":[]},{"@type":"mtTaskParameter","id":516799798,"name":"$P_FirstFilterCondition$","type":"STRING","text":"Amount>=to_decimal($$Filter_High)","label":"Target 1 Condition (P_FirstFilterCondition)","description":"","uiProperties":{"paramName":"P_FirstFilterCondition","paramLabel":"Target 1 Condition","paramType-mapping":"Expression","paramtype":"Condition","originalPath":"FIL_RouteHighProbOpptys"},"newFlatFile":false,"newObject":false,"showBusinessNames":true,"naturalOrder":true,"truncateTarget":false,"bulkApiDBTarget":false,"customFuncCfg":{"@type":"customFuncConfig","id":-1,"connections":[],"inputMap":[],"outputFields":[]},"targetRefsV2":{},"targetUpdateColumns":[],"runtimeAttrs":{},"isRESTModernSource":true,"isFileList":false,"handleSpecialChars":false,"handleDecimalRoundOff":false,"frsAsset":false,"dynamicFileName":false,"excludeDynamicFileNameField":false,"currentlyProcessedFileName":false,"retainFieldMetadata":false,"useExactSrcNames":false,"fetchMode":"ORIGINAL","tgtObjectAttributes":{},"runtimeParameterData":{"@type":"mtTaskRuntimeParameterData","isConnectionRuntimeParameter":false,"isObjectRuntimeParameter":false},"overridableProperties":[],"overriddenFields":[]},{"@type":"mtTaskParameter","id":516799801,"name":"$P_SecondFilterCondition$","type":"STRING","text":"Amount<to_decimal($$Filter_Low)","label":"Target 2 Filter (P_SecondFilterCondition)","description":"","uiProperties":{"paramName":"P_SecondFilterCondition","paramLabel":"Target 2 Filter","paramType-mapping":"Expression","paramtype":"Condition","originalPath":"FIL_RouteLowProbOpptys"},"newFlatFile":false,"newObject":false,"showBusinessNames":true,"naturalOrder":true,"truncateTarget":false,"bulkApiDBTarget":false,"customFuncCfg":{"@type":"customFuncConfig","id":-1,"connections":[],"inputMap":[],"outputFields":[]},"targetRefsV2":{},"targetUpdateColumns":[],"runtimeAttrs":{},"isRESTModernSource":true,"isFileList":false,"handleSpecialChars":false,"handleDecimalRoundOff":false,"frsAsset":false,"dynamicFileName":false,"excludeDynamicFileNameField":false,"currentlyProcessedFileName":false,"retainFieldMetadata":false,"useExactSrcNames":false,"fetchMode":"ORIGINAL","tgtObjectAttributes":{},"runtimeParameterData":{"@type":"mtTaskRuntimeParameterData","isConnectionRuntimeParameter":false,"isObjectRuntimeParameter":false},"overridableProperties":[],"overriddenFields":[]}],"sequences":[],"inOutParameters":[],"connRuntimeAttrs":[]}]