[{"@type":"mappingTemplate","id":"@1","name":"runajobclimapping","description":"","autoExpireObject":false,"bundleVersion":"0","assetFrsGuid":"3ROH4W6vmgDe6SjV4TtIQF","templateId":"@3","deployTime":1657841421000,"hasParameters":false,"valid":true,"fixedConnection":true,"hasParametersDeployed":false,"fixedConnectionDeployed":true,"isSchemaValidationEnabled":false,"tasks":1,"mappingPreviewFileRecordId":"@2","documentType":"MAPPING","allowMaxFieldLength":false,"references":[{"@type":"reference","refObjectId":"@0a0kPIkOhhigDvVU4xcFCU","refType":"connection"}]}]