[{"@type":"dssTask","id":"@1","name":"SyncTask_SavedQuery2","description":"","maxLogs":10,"scheduleId":"@2","sourceConnectionId":"@116vez42SY8frasbRWb5s9","targetConnectionId":"@4MeqUvLY3Kal820pdS6iIA","targetObject":"SavedQuery2.csv","operation":"Insert","maxRows":0,"truncateTarget":false,"bulkApiDBTarget":false,"verbose":false,"tgtFlatFileAttrs":{"@type":"flatFileAttrs","id":82489627,"delimiter":",","textQualifier":"\"","escapeChar":"","headerLineNo":1,"firstDataRow":2},"targetMetadataUpdated":false,"modelVersion":"V3-R600","customSourceId":"@fwOJSqYuX8Cc7kfBpV25uw","queryAll":false,"srcSettings":{"@type":"taskDataSourceSetting","isShowLabels":false,"isNaturalOrder":true},"tgtSettings":{"@type":"taskDataSourceSetting","isShowLabels":false,"isNaturalOrder":true},"cfSettings":{"@type":"taskDataSourceSetting","isShowLabels":false,"isNaturalOrder":false},"bulkApi":false,"bulkApiSerialMode":false,"bulkApiMonitor":false,"isTargetObjectSfCustom":false,"allowNullUpdates":false,"targetBatchSize":200,"assignmentRuleId":"-1","assignmentRuleType":"None","createSuccessFile":false,"bulkApiHardDelete":false,"srcRuntimeAttrs":{"@type":"taskRuntimeAttrs","attrs":{}},"tgtRuntimeAttrs":{"@type":"taskRuntimeAttrs","attrs":{}},"parameterFileEncoding":"UTF-8","serverlessProperties":{},"sourceObjects":[],"advancedFilters":[],"filters":[],"fieldMaps":[{"@type":"fieldMap","id":"69295903","targetField":{"@type":"field","id":233186296,"name":"ORDERID","type":"number","uniqueName":"ORDERID","label":"ORDERID","parentObject":"SavedQuery2.csv","pcType":"HIPRECDECIMAL","precision":40,"scale":0,"columnIndex":0,"isKey":false,"isWaterMarkKey":false,"isExternalId":false,"isSfIdLookup":false,"isNullable":true,"isUnique":false,"isCreateable":false,"isUpdateable":true,"isFilterable":true,"isCalculated":false,"filterType":"DOUBLE","showLabel":false,"naturalOrder":0,"typeConfigFields":[],"linkedFields":["ORDERID"],"relatedInfos":[],"references":[]},"expression":"ORDERID"},{"@type":"fieldMap","id":"69295906","targetField":{"@type":"field","id":233186299,"name":"QUANTITY","type":"number","uniqueName":"QUANTITY","label":"QUANTITY","parentObject":"SavedQuery2.csv","pcType":"HIPRECDECIMAL","precision":40,"scale":0,"columnIndex":1,"isKey":false,"isWaterMarkKey":false,"isExternalId":false,"isSfIdLookup":false,"isNullable":true,"isUnique":false,"isCreateable":false,"isUpdateable":true,"isFilterable":true,"isCalculated":false,"filterType":"DOUBLE","showLabel":false,"naturalOrder":0,"typeConfigFields":[],"linkedFields":["QUANTITY"],"relatedInfos":[],"references":[]},"expression":"QUANTITY"},{"@type":"fieldMap","id":"69295909","targetField":{"@type":"field","id":233186302,"name":"CUSTOMERID","type":"number","uniqueName":"CUSTOMERID","label":"CUSTOMERID","parentObject":"SavedQuery2.csv","pcType":"HIPRECDECIMAL","precision":40,"scale":0,"columnIndex":2,"isKey":false,"isWaterMarkKey":false,"isExternalId":false,"isSfIdLookup":false,"isNullable":true,"isUnique":false,"isCreateable":false,"isUpdateable":true,"isFilterable":true,"isCalculated":false,"filterType":"DOUBLE","showLabel":false,"naturalOrder":0,"typeConfigFields":[],"linkedFields":["CUSTOMERID"],"relatedInfos":[],"references":[]},"expression":"CUSTOMERID"},{"@type":"fieldMap","id":"69295912","targetField":{"@type":"field","id":233186305,"name":"SHIPMENTTRACKINGNO","type":"nstring","uniqueName":"SHIPMENTTRACKINGNO","label":"SHIPMENTTRACKINGNO","parentObject":"SavedQuery2.csv","pcType":"UNISTRING","precision":20,"scale":0,"columnIndex":3,"isKey":false,"isWaterMarkKey":false,"isExternalId":false,"isSfIdLookup":false,"isNullable":true,"isUnique":false,"isCreateable":false,"isUpdateable":true,"isFilterable":true,"isCalculated":false,"filterType":"STRING","showLabel":false,"naturalOrder":0,"typeConfigFields":[],"linkedFields":["SHIPMENTTRACKINGNO"],"relatedInfos":[],"references":[]},"expression":"SHIPMENTTRACKINGNO"},{"@type":"fieldMap","id":"69295915","targetField":{"@type":"field","id":233186308,"name":"ORDERSTATUS","type":"nstring","uniqueName":"ORDERSTATUS","label":"ORDERSTATUS","parentObject":"SavedQuery2.csv","pcType":"UNISTRING","precision":20,"scale":0,"columnIndex":4,"isKey":false,"isWaterMarkKey":false,"isExternalId":false,"isSfIdLookup":false,"isNullable":true,"isUnique":false,"isCreateable":false,"isUpdateable":true,"isFilterable":true,"isCalculated":false,"filterType":"STRING","showLabel":false,"naturalOrder":0,"typeConfigFields":[],"linkedFields":["ORDERSTATUS"],"relatedInfos":[],"references":[]},"expression":"ORDERSTATUS"},{"@type":"fieldMap","id":"69295918","targetField":{"@type":"field","id":233186311,"name":"PRODUCTDESCRIPTION","type":"nstring","uniqueName":"PRODUCTDESCRIPTION","label":"PRODUCTDESCRIPTION","parentObject":"SavedQuery2.csv","pcType":"UNISTRING","precision":60,"scale":0,"columnIndex":5,"isKey":false,"isWaterMarkKey":false,"isExternalId":false,"isSfIdLookup":false,"isNullable":true,"isUnique":false,"isCreateable":false,"isUpdateable":true,"isFilterable":true,"isCalculated":false,"filterType":"STRING","showLabel":false,"naturalOrder":0,"typeConfigFields":[],"linkedFields":["PRODUCTDESCRIPTION"],"relatedInfos":[],"references":[]},"expression":"PRODUCTDESCRIPTION"},{"@type":"fieldMap","id":"69295921","targetField":{"@type":"field","id":233186314,"name":"OUTLETID","type":"nstring","uniqueName":"OUTLETID","label":"OUTLETID","parentObject":"SavedQuery2.csv","pcType":"UNISTRING","precision":20,"scale":0,"columnIndex":6,"isKey":false,"isWaterMarkKey":false,"isExternalId":false,"isSfIdLookup":false,"isNullable":true,"isUnique":false,"isCreateable":false,"isUpdateable":true,"isFilterable":true,"isCalculated":false,"filterType":"STRING","showLabel":false,"naturalOrder":0,"typeConfigFields":[],"linkedFields":["OUTLETID"],"relatedInfos":[],"references":[]},"expression":"OUTLETID"},{"@type":"fieldMap","id":"69295924","targetField":{"@type":"field","id":233186317,"name":"PRODUCTID","type":"nstring","uniqueName":"PRODUCTID","label":"PRODUCTID","parentObject":"SavedQuery2.csv","pcType":"UNISTRING","precision":20,"scale":0,"columnIndex":7,"isKey":false,"isWaterMarkKey":false,"isExternalId":false,"isSfIdLookup":false,"isNullable":true,"isUnique":false,"isCreateable":false,"isUpdateable":true,"isFilterable":true,"isCalculated":false,"filterType":"STRING","showLabel":false,"naturalOrder":0,"typeConfigFields":[],"linkedFields":["PRODUCTID"],"relatedInfos":[],"references":[]},"expression":"PRODUCTID"}],"sourceFields":[{"@type":"field","id":233186320,"name":"ORDERID","type":"decimal","uniqueName":"ORDERID","label":"ORDERID","parentObject":"SavedQuery2","pcType":"HIPRECDECIMAL","precision":40,"scale":0,"columnIndex":0,"isKey":false,"isWaterMarkKey":false,"isExternalId":false,"isSfIdLookup":false,"isNullable":true,"isUnique":false,"isCreateable":false,"isUpdateable":true,"isFilterable":true,"isCalculated":false,"filterType":"DOUBLE","showLabel":false,"naturalOrder":0,"typeConfigFields":[],"linkedFields":["ORDERID"],"relatedInfos":[],"references":[]},{"@type":"field","id":233186323,"name":"QUANTITY","type":"decimal","uniqueName":"QUANTITY","label":"QUANTITY","parentObject":"SavedQuery2","pcType":"HIPRECDECIMAL","precision":40,"scale":0,"columnIndex":1,"isKey":false,"isWaterMarkKey":false,"isExternalId":false,"isSfIdLookup":false,"isNullable":true,"isUnique":false,"isCreateable":false,"isUpdateable":true,"isFilterable":true,"isCalculated":false,"filterType":"DOUBLE","showLabel":false,"naturalOrder":0,"typeConfigFields":[],"linkedFields":["QUANTITY"],"relatedInfos":[],"references":[]},{"@type":"field","id":233186326,"name":"CUSTOMERID","type":"decimal","uniqueName":"CUSTOMERID","label":"CUSTOMERID","parentObject":"SavedQuery2","pcType":"HIPRECDECIMAL","precision":40,"scale":0,"columnIndex":2,"isKey":false,"isWaterMarkKey":false,"isExternalId":false,"isSfIdLookup":false,"isNullable":true,"isUnique":false,"isCreateable":false,"isUpdateable":true,"isFilterable":true,"isCalculated":false,"filterType":"DOUBLE","showLabel":false,"naturalOrder":0,"typeConfigFields":[],"linkedFields":["CUSTOMERID"],"relatedInfos":[],"references":[]},{"@type":"field","id":233186329,"name":"SHIPMENTTRACKINGNO","type":"varchar","uniqueName":"SHIPMENTTRACKINGNO","label":"SHIPMENTTRACKINGNO","parentObject":"SavedQuery2","pcType":"STRING","precision":20,"scale":0,"columnIndex":3,"isKey":false,"isWaterMarkKey":false,"isExternalId":false,"isSfIdLookup":false,"isNullable":true,"isUnique":false,"isCreateable":false,"isUpdateable":true,"isFilterable":true,"isCalculated":false,"filterType":"STRING","showLabel":false,"naturalOrder":0,"typeConfigFields":[],"linkedFields":["SHIPMENTTRACKINGNO"],"relatedInfos":[],"references":[]},{"@type":"field","id":233186332,"name":"ORDERSTATUS","type":"varchar","uniqueName":"ORDERSTATUS","label":"ORDERSTATUS","parentObject":"SavedQuery2","pcType":"STRING","precision":20,"scale":0,"columnIndex":4,"isKey":false,"isWaterMarkKey":false,"isExternalId":false,"isSfIdLookup":false,"isNullable":true,"isUnique":false,"isCreateable":false,"isUpdateable":true,"isFilterable":true,"isCalculated":false,"filterType":"STRING","showLabel":false,"naturalOrder":0,"typeConfigFields":[],"linkedFields":["ORDERSTATUS"],"relatedInfos":[],"references":[]},{"@type":"field","id":233186335,"name":"PRODUCTDESCRIPTION","type":"varchar","uniqueName":"PRODUCTDESCRIPTION","label":"PRODUCTDESCRIPTION","parentObject":"SavedQuery2","pcType":"STRING","precision":60,"scale":0,"columnIndex":5,"isKey":false,"isWaterMarkKey":false,"isExternalId":false,"isSfIdLookup":false,"isNullable":true,"isUnique":false,"isCreateable":false,"isUpdateable":true,"isFilterable":true,"isCalculated":false,"filterType":"STRING","showLabel":false,"naturalOrder":0,"typeConfigFields":[],"linkedFields":["PRODUCTDESCRIPTION"],"relatedInfos":[],"references":[]},{"@type":"field","id":233186338,"name":"OUTLETID","type":"varchar","uniqueName":"OUTLETID","label":"OUTLETID","parentObject":"SavedQuery2","pcType":"STRING","precision":20,"scale":0,"columnIndex":6,"isKey":false,"isWaterMarkKey":false,"isExternalId":false,"isSfIdLookup":false,"isNullable":true,"isUnique":false,"isCreateable":false,"isUpdateable":true,"isFilterable":true,"isCalculated":false,"filterType":"STRING","showLabel":false,"naturalOrder":0,"typeConfigFields":[],"linkedFields":["OUTLETID"],"relatedInfos":[],"references":[]},{"@type":"field","id":233186341,"name":"PRODUCTID","type":"varchar","uniqueName":"PRODUCTID","label":"PRODUCTID","parentObject":"SavedQuery2","pcType":"STRING","precision":20,"scale":0,"columnIndex":7,"isKey":false,"isWaterMarkKey":false,"isExternalId":false,"isSfIdLookup":false,"isNullable":true,"isUnique":false,"isCreateable":false,"isUpdateable":true,"isFilterable":true,"isCalculated":false,"filterType":"STRING","showLabel":false,"naturalOrder":0,"typeConfigFields":[],"linkedFields":["PRODUCTID"],"relatedInfos":[],"references":[]}],"sortFields":[],"groupFields":[]}]