[{"@type":"mappingTemplate","id":"@1","name":"Athena_repro","description":"","autoExpireObject":false,"bundleVersion":"0","assetFrsGuid":"jME2jfPWxIIefIJKz9idG6","templateId":"@3","deployTime":1683322327000,"hasParameters":false,"valid":true,"fixedConnection":true,"hasParametersDeployed":false,"fixedConnectionDeployed":true,"isSchemaValidationEnabled":false,"tasks":0,"mappingPreviewFileRecordId":"@2","documentType":"MAPPING","allowMaxFieldLength":false,"references":[{"@type":"reference","refObjectId":"@2y5rEFCkgIjcKBhUcBPwKr","refType":"connection"},{"@type":"reference","refObjectId":"@0a0kPIkOhhigDvVU4xcFCU","refType":"connection"}]}]