[{"@type":"mappingTemplate","id":"@1","name":"Athena_repro","description":"","bundleVersion":"0","templateId":"@3","deployTime":1683322327000,"hasParameters":false,"valid":true,"fixedConnection":true,"hasParametersDeployed":false,"fixedConnectionDeployed":true,"isSchemaValidationEnabled":false,"tasks":0,"mappingPreviewFileRecordId":"@2","documentType":"MAPPING","references":[{"@type":"reference","refObjectId":"@2y5rEFCkgIjcKBhUcBPwKr","refType":"connection"},{"@type":"reference","refObjectId":"@0a0kPIkOhhigDvVU4xcFCU","refType":"connection"}]}]