[{"@type":"fileRecord","id":"@2","name":"extension","type":"XML","size":29061,"attachTime":1681402353000},{"@type":"fileRecord","id":"@3","name":"fault","type":"XSD","size":6568,"attachTime":1681402353000},{"@type":"fileRecord","id":"@6","name":"response","type":"XSD","size":9467,"attachTime":1681402353000},{"@type":"fileRecord","id":"@5","name":"request","type":"XSD","size":6884,"attachTime":1681402353000},{"@type":"fileRecord","id":"@4","name":"metadata","type":"JSON","size":4433,"attachTime":1681402353000}]