[{"@type":"mappingTemplate","id":"@1","name":"Shivam_repro_oracleprecision","description":"","autoExpireObject":false,"bundleVersion":"0","assetFrsGuid":"bKyj5pZOCQBeiuDCHKYP0g","templateId":"@3","deployTime":1677198602000,"hasParameters":false,"valid":true,"fixedConnection":true,"hasParametersDeployed":false,"fixedConnectionDeployed":true,"isSchemaValidationEnabled":false,"tasks":1,"mappingPreviewFileRecordId":"@2","documentType":"MAPPING","allowMaxFieldLength":false,"references":[{"@type":"reference","refObjectId":"@0a0kPIkOhhigDvVU4xcFCU","refType":"connection"},{"@type":"reference","refObjectId":"@9USXwyHkQlGgRlk1CpCrA2","refType":"connection"}]}]