[{"@type":"mappingTemplate","id":"@1","name":"MSCRM365_repro","description":"","bundleVersion":"0","templateId":"@3","deployTime":1677876586000,"hasParameters":false,"valid":true,"fixedConnection":true,"hasParametersDeployed":false,"fixedConnectionDeployed":true,"isSchemaValidationEnabled":false,"tasks":0,"mappingPreviewFileRecordId":"@2","documentType":"MAPPING","references":[{"@type":"reference","refObjectId":"@8gLzS7cmttLcKR4TeBg9MV","refType":"connection"},{"@type":"reference","refObjectId":"@116vez42SY8frasbRWb5s9","refType":"connection"}]}]