[{"@type":"mappingTemplate","id":"@1","name":"m_GBQv2_repro","description":"","bundleVersion":"0","templateId":"@3","deployTime":1691100325000,"hasParameters":false,"valid":true,"fixedConnection":true,"hasParametersDeployed":false,"fixedConnectionDeployed":true,"isSchemaValidationEnabled":false,"tasks":1,"mappingPreviewFileRecordId":"@2","documentType":"MAPPING","references":[{"@type":"reference","refObjectId":"@8EmgMy4JV0KheVlzO75FMp","refType":"connection"},{"@type":"reference","refObjectId":"@0a0kPIkOhhigDvVU4xcFCU","refType":"connection"}]}]