[{"@type":"mappingTemplate","id":"@1","name":"PS_Parth_DynamicLinking","description":"","autoExpireObject":false,"bundleVersion":"0","assetFrsGuid":"cXSdv0p352IclRbC6YWAyU","templateId":"@3","deployTime":1652451390000,"hasParameters":false,"valid":true,"fixedConnection":true,"hasParametersDeployed":false,"fixedConnectionDeployed":true,"isSchemaValidationEnabled":false,"tasks":0,"mappingPreviewFileRecordId":"@2","documentType":"MAPPING","allowMaxFieldLength":false,"references":[{"@type":"reference","refObjectId":"@0a0kPIkOhhigDvVU4xcFCU","refType":"connection"}]}]