[{"@type":"mappingTemplate","id":"@1","name":"Oracle_to_Oracle_repro_2.5Mrec","description":"","bundleVersion":"0","templateId":"@3","deployTime":1677627848000,"hasParameters":false,"valid":true,"fixedConnection":true,"hasParametersDeployed":false,"fixedConnectionDeployed":true,"isSchemaValidationEnabled":false,"tasks":0,"mappingPreviewFileRecordId":"@2","documentType":"MAPPING","references":[{"@type":"reference","refObjectId":"@116vez42SY8frasbRWb5s9","refType":"connection"},{"@type":"reference","refObjectId":"@9USXwyHkQlGgRlk1CpCrA2","refType":"connection"}]}]