[{"@type":"drsTask","id":"@1","name":"ReplicationTask_SFtoOracle","description":"hhh","maxLogs":10,"sourceConnectionId":"@1bEYq8Tln0ahaHiBYJK6aq","targetConnectionId":"@9USXwyHkQlGgRlk1CpCrA2","tablePrefix":"SF_to_Ora","verbose":false,"fullRefresh":false,"replicateAllObjects":false,"removeDeleted":true,"queryAll":false,"srcShowLabels":true,"maxRows":0,"stopOnError":true,"replicationObjects":["Account"],"excludedReplicationObjects":[],"majorUpdateTime":1686589731000,"metadataMode":0,"bulkApi":false,"base64BodySize":0.0,"bulkApiDBTarget":true,"fieldExclusions":[],"filters":[],"advancedFilters":[],"srcRuntimeAttrs":{"@type":"taskRuntimeAttrs","attrs":{"Maximum Rows Per Request":"0","PK Chunking size":"100000","Enable PK Chunking":"0","PK Chunking startRow ID":""}}}]