[{"@type":"mappingTemplate","id":"@1","name":"DynamicFileNameSubFolderS3","description":"","bundleVersion":"0","templateId":"@3","deployTime":1677016643000,"hasParameters":false,"valid":true,"fixedConnection":true,"hasParametersDeployed":false,"fixedConnectionDeployed":true,"isSchemaValidationEnabled":false,"tasks":0,"mappingPreviewFileRecordId":"@2","documentType":"MAPPING","references":[{"@type":"reference","refObjectId":"@8oA9n1UhELKeRCxcTXQDSS","refType":"connection"},{"@type":"reference","refObjectId":"@0a0kPIkOhhigDvVU4xcFCU","refType":"connection"}]}]