[{"@type":"mappingTemplate","id":"@1","name":"PS_Parth_Hierarchical_Emp_mapp","description":"","autoExpireObject":false,"bundleVersion":"0","assetFrsGuid":"bCA3ah6b6u1dby89aq7Q6D","templateId":"@3","deployTime":1652451392000,"hasParameters":false,"valid":true,"fixedConnection":true,"hasParametersDeployed":false,"fixedConnectionDeployed":true,"isSchemaValidationEnabled":false,"tasks":0,"mappingPreviewFileRecordId":"@2","documentType":"MAPPING","allowMaxFieldLength":false,"references":[{"@type":"reference","refObjectId":"@7uUuhuO8x4Xf4ijkSnY0MD","refType":"hschema"},{"@type":"reference","refObjectId":"@0a0kPIkOhhigDvVU4xcFCU","refType":"connection"}]}]