[{"@type":"mappingTemplate","id":"@1","name":"PS_Parth_Shippingfile_Mapping1","description":"","autoExpireObject":false,"bundleVersion":"0","assetFrsGuid":"bY6q3ZBjLaifSjV1e3NSMk","templateId":"@3","deployTime":1652451387000,"hasParameters":false,"valid":true,"fixedConnection":true,"hasParametersDeployed":false,"fixedConnectionDeployed":true,"isSchemaValidationEnabled":false,"tasks":0,"mappingPreviewFileRecordId":"@2","documentType":"MAPPING","allowMaxFieldLength":false,"references":[{"@type":"reference","refObjectId":"@0a0kPIkOhhigDvVU4xcFCU","refType":"connection"},{"@type":"reference","refObjectId":"@9USXwyHkQlGgRlk1CpCrA2","refType":"connection"}]}]