[{"@type":"mappingTemplate","id":"@1","name":"m_2diffusers_FM_sameWH","description":"","bundleVersion":"0","templateId":"@3","hasParameters":false,"valid":true,"fixedConnection":true,"hasParametersDeployed":false,"fixedConnectionDeployed":false,"isSchemaValidationEnabled":false,"tasks":0,"mappingPreviewFileRecordId":"@2","documentType":"MAPPING","references":[{"@type":"reference","refObjectId":"@bb6bSuJfw0vhJebLZRNmGE","refType":"connection"},{"@type":"reference","refObjectId":"@4pYZZGo6nTHk1Md49MUW8c","refType":"connection"}]}]