[{"@type":"mappingTemplate","id":"@1","name":"AWSRedhsift_to_Flatfile_mapping","description":"","autoExpireObject":false,"bundleVersion":"0","assetFrsGuid":"59pI4QHK2EtevW47hbhqYX","templateId":"@3","deployTime":1685574265000,"hasParameters":false,"valid":true,"fixedConnection":true,"hasParametersDeployed":false,"fixedConnectionDeployed":true,"isSchemaValidationEnabled":false,"tasks":0,"mappingPreviewFileRecordId":"@2","documentType":"MAPPING","allowMaxFieldLength":false,"references":[{"@type":"reference","refObjectId":"@85m35CpEUQucKNg9jwhQWA","refType":"connection"},{"@type":"reference","refObjectId":"@0a0kPIkOhhigDvVU4xcFCU","refType":"connection"}]}]