[{"@type":"mappingTemplate","id":"@1","name":"SF_CDP_repro","description":"","bundleVersion":"0","templateId":"@3","deployTime":1681403779000,"hasParameters":false,"valid":false,"fixedConnection":true,"hasParametersDeployed":false,"fixedConnectionDeployed":true,"isSchemaValidationEnabled":false,"tasks":0,"mappingPreviewFileRecordId":"@2","documentType":"MAPPING","references":[{"@type":"reference","refObjectId":"@3cPLLyJj9T1jg4B4UPsPq6","refType":"connection"},{"@type":"reference","refObjectId":"@0a0kPIkOhhigDvVU4xcFCU","refType":"connection"}]}]