[{"@type":"mappingTemplate","id":"@1","name":"PS_Parth_WebServicesBS","description":"","bundleVersion":"0","templateId":"@3","deployTime":1652451397000,"hasParameters":false,"valid":true,"fixedConnection":true,"hasParametersDeployed":false,"fixedConnectionDeployed":true,"isSchemaValidationEnabled":false,"tasks":0,"mappingPreviewFileRecordId":"@2","documentType":"MAPPING","references":[{"@type":"reference","refObjectId":"@3V5OkaPrpvBdrIKqvWgkmy","refType":"businessService"},{"@type":"reference","refObjectId":"@0a0kPIkOhhigDvVU4xcFCU","refType":"connection"},{"@type":"reference","refObjectId":"@3V5OkaPrpvBdrIKqvWgkmy@NumberToDollars","refType":"businessOperation"}]}]