[{"@type":"mappingTemplate","id":"@1","name":"SF_to_Orcl_mapp","description":"","bundleVersion":"0","templateId":"@3","deployTime":1683315172000,"hasParameters":false,"valid":true,"fixedConnection":true,"hasParametersDeployed":false,"fixedConnectionDeployed":true,"isSchemaValidationEnabled":false,"tasks":0,"mappingPreviewFileRecordId":"@2","documentType":"MAPPING","references":[{"@type":"reference","refObjectId":"@1bEYq8Tln0ahaHiBYJK6aq","refType":"connection"},{"@type":"reference","refObjectId":"@9USXwyHkQlGgRlk1CpCrA2","refType":"connection"}]}]