[{"@type":"mappingTemplate","id":"@1","name":"PS_Parth_NormalizeAggregatormapp","description":"","autoExpireObject":false,"bundleVersion":"0","assetFrsGuid":"kMlJvHR0oeyfn8xxjkAxYo","templateId":"@3","deployTime":1652451393000,"hasParameters":false,"valid":true,"fixedConnection":true,"hasParametersDeployed":false,"fixedConnectionDeployed":true,"isSchemaValidationEnabled":false,"tasks":1,"mappingPreviewFileRecordId":"@2","documentType":"MAPPING","allowMaxFieldLength":false,"references":[{"@type":"reference","refObjectId":"@0a0kPIkOhhigDvVU4xcFCU","refType":"connection"}]}]