[{"@type":"mappingTemplate","id":"@1","name":"Paramtaskidapi","description":"","bundleVersion":"0","templateId":"@3","deployTime":1676670457000,"hasParameters":false,"valid":true,"fixedConnection":true,"hasParametersDeployed":false,"fixedConnectionDeployed":true,"isSchemaValidationEnabled":false,"tasks":1,"mappingPreviewFileRecordId":"@2","documentType":"MAPPING","references":[{"@type":"reference","refObjectId":"@0a0kPIkOhhigDvVU4xcFCU","refType":"connection"},{"@type":"reference","refObjectId":"@aIkTJLrrmKIgC6TMVPvEw4","refType":"connection"}]}]