[{"@type":"mappingTemplate","id":"@1","name":"Mapping1","description":"","autoExpireObject":false,"bundleVersion":"0","assetFrsGuid":"2ArG2kL77wDl1Qb0qG4aQ3","templateId":"@3","hasParameters":false,"valid":false,"fixedConnection":true,"hasParametersDeployed":false,"fixedConnectionDeployed":false,"isSchemaValidationEnabled":false,"tasks":0,"mappingPreviewFileRecordId":"@2","documentType":"MAPPING","allowMaxFieldLength":false,"references":[{"@type":"reference","refObjectId":"@8oA9n1UhELKeRCxcTXQDSS","refType":"connection"}]}]