[{"@type":"mappingTemplate","id":"@1","name":"Mapping28","description":"","bundleVersion":"0","templateId":"@3","deployTime":1690833611000,"hasParameters":false,"valid":true,"fixedConnection":true,"hasParametersDeployed":false,"fixedConnectionDeployed":true,"isSchemaValidationEnabled":false,"tasks":0,"mappingPreviewFileRecordId":"@2","documentType":"MAPPING","references":[{"@type":"reference","refObjectId":"@8oA9n1UhELKeRCxcTXQDSS","refType":"connection"},{"@type":"reference","refObjectId":"@0a0kPIkOhhigDvVU4xcFCU","refType":"connection"},{"@type":"reference","refObjectId":"@hYcfAVw9a8kdjY15IlsxO0","refType":"structureDefinition"}]}]