[{"@type":"dssTask","id":"@1","name":"SyncTaskpractice","description":"","autoExpireObject":false,"maxLogs":10,"sourceConnectionId":"@9USXwyHkQlGgRlk1CpCrA2","targetConnectionId":"@0a0kPIkOhhigDvVU4xcFCU","targetObject":"Customerpractice.csv","operation":"Insert","maxRows":0,"truncateTarget":false,"bulkApiDBTarget":false,"verbose":false,"tgtFlatFileAttrs":{"@type":"flatFileAttrs","id":58870750,"delimiter":",","textQualifier":"\"","escapeChar":"","headerLineNo":1,"firstDataRow":2,"rowDelimiter":0,"consecutiveDelimiter":false,"multiDelimitersAsAnd":true,"firstDataRowAsHeader":false,"codePage":""},"targetMetadataUpdated":false,"modelVersion":"V3-R600","queryAll":false,"srcSettings":{"@type":"taskDataSourceSetting","isShowLabels":false,"isNaturalOrder":true},"tgtSettings":{"@type":"taskDataSourceSetting","isShowLabels":false,"isNaturalOrder":true},"cfSettings":{"@type":"taskDataSourceSetting","isShowLabels":false,"isNaturalOrder":true},"bulkApi":false,"bulkApiSerialMode":false,"bulkApiMonitor":false,"isTargetObjectSfCustom":false,"allowNullUpdates":false,"targetBatchSize":200,"assignmentRuleId":"-1","assignmentRuleType":"None","createSuccessFile":false,"bulkApiHardDelete":false,"srcRuntimeAttrs":{"@type":"taskRuntimeAttrs","attrs":{}},"tgtRuntimeAttrs":{"@type":"taskRuntimeAttrs","attrs":{}},"parameterFileEncoding":"UTF-8","serverlessProperties":{},"sourceObjects":[{"@type":"mObject","name":"CUSTOMER","label":"CUSTOMER","metadataUpdated":false,"relations":[],"children":[]}],"advancedFilters":[],"filters":[],"fieldMaps":[{"@type":"fieldMap","id":"57454732","targetField":{"@type":"field","id":186484954,"name":"CUST_ID","type":"nstring","uniqueName":"CUST_ID","label":"CUST_ID","parentObject":"Customerpractice.csv","pcType":"UNISTRING","precision":6,"scale":0,"columnIndex":0,"isKey":false,"isWaterMarkKey":false,"isExternalId":false,"isSfIdLookup":false,"isNullable":true,"isUnique":false,"isCreateable":false,"isUpdateable":true,"isFilterable":true,"isCalculated":false,"filterType":"STRING","showLabel":false,"naturalOrder":0,"typeConfigFields":[],"typeConfigProperties":{},"linkedFields":["CUST_ID"],"relatedInfos":[],"references":[]},"expression":"CUST_ID"},{"@type":"fieldMap","id":"57454735","targetField":{"@type":"field","id":186484957,"name":"NAME","type":"nstring","uniqueName":"NAME","label":"NAME","parentObject":"Customerpractice.csv","pcType":"UNISTRING","precision":30,"scale":0,"columnIndex":1,"isKey":false,"isWaterMarkKey":false,"isExternalId":false,"isSfIdLookup":false,"isNullable":true,"isUnique":false,"isCreateable":false,"isUpdateable":true,"isFilterable":true,"isCalculated":false,"filterType":"STRING","showLabel":false,"naturalOrder":0,"typeConfigFields":[],"typeConfigProperties":{},"linkedFields":["NAME"],"relatedInfos":[],"references":[]},"expression":"NAME"},{"@type":"fieldMap","id":"57454738","targetField":{"@type":"field","id":186484960,"name":"ADDRESS","type":"nstring","uniqueName":"ADDRESS","label":"ADDRESS","parentObject":"Customerpractice.csv","pcType":"UNISTRING","precision":60,"scale":0,"columnIndex":2,"isKey":false,"isWaterMarkKey":false,"isExternalId":false,"isSfIdLookup":false,"isNullable":true,"isUnique":false,"isCreateable":false,"isUpdateable":true,"isFilterable":true,"isCalculated":false,"filterType":"STRING","showLabel":false,"naturalOrder":0,"typeConfigFields":[],"typeConfigProperties":{},"linkedFields":["ADDRESS"],"relatedInfos":[],"references":[]},"expression":"ADDRESS"},{"@type":"fieldMap","id":"57454741","targetField":{"@type":"field","id":186484963,"name":"CITY","type":"nstring","uniqueName":"CITY","label":"CITY","parentObject":"Customerpractice.csv","pcType":"UNISTRING","precision":30,"scale":0,"columnIndex":3,"isKey":false,"isWaterMarkKey":false,"isExternalId":false,"isSfIdLookup":false,"isNullable":true,"isUnique":false,"isCreateable":false,"isUpdateable":true,"isFilterable":true,"isCalculated":false,"filterType":"STRING","showLabel":false,"naturalOrder":0,"typeConfigFields":[],"typeConfigProperties":{},"linkedFields":["CITY"],"relatedInfos":[],"references":[]},"expression":"CITY"},{"@type":"fieldMap","id":"57454744","targetField":{"@type":"field","id":186484966,"name":"STATE","type":"nstring","uniqueName":"STATE","label":"STATE","parentObject":"Customerpractice.csv","pcType":"UNISTRING","precision":2,"scale":0,"columnIndex":4,"isKey":false,"isWaterMarkKey":false,"isExternalId":false,"isSfIdLookup":false,"isNullable":true,"isUnique":false,"isCreateable":false,"isUpdateable":true,"isFilterable":true,"isCalculated":false,"filterType":"STRING","showLabel":false,"naturalOrder":0,"typeConfigFields":[],"typeConfigProperties":{},"linkedFields":["STATE"],"relatedInfos":[],"references":[]},"expression":"STATE"},{"@type":"fieldMap","id":"57454747","targetField":{"@type":"field","id":186484969,"name":"POSTALCODE","type":"nstring","uniqueName":"POSTALCODE","label":"POSTALCODE","parentObject":"Customerpractice.csv","pcType":"UNISTRING","precision":5,"scale":0,"columnIndex":5,"isKey":false,"isWaterMarkKey":false,"isExternalId":false,"isSfIdLookup":false,"isNullable":true,"isUnique":false,"isCreateable":false,"isUpdateable":true,"isFilterable":true,"isCalculated":false,"filterType":"STRING","showLabel":false,"naturalOrder":0,"typeConfigFields":[],"typeConfigProperties":{},"linkedFields":["POSTALCODE"],"relatedInfos":[],"references":[]},"expression":"POSTALCODE"},{"@type":"fieldMap","id":"57454750","targetField":{"@type":"field","id":186484972,"name":"COUNTRY","type":"nstring","uniqueName":"COUNTRY","label":"COUNTRY","parentObject":"Customerpractice.csv","pcType":"UNISTRING","precision":15,"scale":0,"columnIndex":6,"isKey":false,"isWaterMarkKey":false,"isExternalId":false,"isSfIdLookup":false,"isNullable":true,"isUnique":false,"isCreateable":false,"isUpdateable":true,"isFilterable":true,"isCalculated":false,"filterType":"STRING","showLabel":false,"naturalOrder":0,"typeConfigFields":[],"typeConfigProperties":{},"linkedFields":["COUNTRY"],"relatedInfos":[],"references":[]},"expression":"COUNTRY"},{"@type":"fieldMap","id":"57454753","targetField":{"@type":"field","id":186484975,"name":"PHONE","type":"nstring","uniqueName":"PHONE","label":"PHONE","parentObject":"Customerpractice.csv","pcType":"UNISTRING","precision":20,"scale":0,"columnIndex":7,"isKey":false,"isWaterMarkKey":false,"isExternalId":false,"isSfIdLookup":false,"isNullable":true,"isUnique":false,"isCreateable":false,"isUpdateable":true,"isFilterable":true,"isCalculated":false,"filterType":"STRING","showLabel":false,"naturalOrder":0,"typeConfigFields":[],"typeConfigProperties":{},"linkedFields":["PHONE"],"relatedInfos":[],"references":[]},"expression":"PHONE"},{"@type":"fieldMap","id":"57454756","targetField":{"@type":"field","id":186484978,"name":"LAST_ORDER_DATE","type":"datetime","uniqueName":"LAST_ORDER_DATE","label":"LAST_ORDER_DATE","parentObject":"Customerpractice.csv","pcType":"DATE","precision":19,"scale":0,"columnIndex":8,"isKey":false,"isWaterMarkKey":false,"isExternalId":false,"isSfIdLookup":false,"isNullable":true,"isUnique":false,"isCreateable":false,"isUpdateable":true,"isFilterable":true,"isCalculated":false,"filterType":"DATETIME","showLabel":false,"naturalOrder":0,"typeConfigFields":[],"typeConfigProperties":{},"linkedFields":["LAST_ORDER_DATE"],"relatedInfos":[],"references":[]},"expression":"LAST_ORDER_DATE"},{"@type":"fieldMap","id":"57454759","targetField":{"@type":"field","id":186484981,"name":"STATUS","type":"nstring","uniqueName":"STATUS","label":"STATUS","parentObject":"Customerpractice.csv","pcType":"UNISTRING","precision":10,"scale":0,"columnIndex":9,"isKey":false,"isWaterMarkKey":false,"isExternalId":false,"isSfIdLookup":false,"isNullable":true,"isUnique":false,"isCreateable":false,"isUpdateable":true,"isFilterable":true,"isCalculated":false,"filterType":"STRING","showLabel":false,"naturalOrder":0,"typeConfigFields":[],"typeConfigProperties":{},"linkedFields":["STATUS"],"relatedInfos":[],"references":[]},"expression":"STATUS"},{"@type":"fieldMap","id":"57454762","targetField":{"@type":"field","id":186484984,"name":"TIER","type":"nstring","uniqueName":"TIER","label":"TIER","parentObject":"Customerpractice.csv","pcType":"UNISTRING","precision":5,"scale":0,"columnIndex":10,"isKey":false,"isWaterMarkKey":false,"isExternalId":false,"isSfIdLookup":false,"isNullable":true,"isUnique":false,"isCreateable":false,"isUpdateable":true,"isFilterable":true,"isCalculated":false,"filterType":"STRING","showLabel":false,"naturalOrder":0,"typeConfigFields":[],"typeConfigProperties":{},"linkedFields":["TIER"],"relatedInfos":[],"references":[]},"expression":"TIER"},{"@type":"fieldMap","id":"57454765","targetField":{"@type":"field","id":186484987,"name":"MODIFIED_DATE","type":"datetime","uniqueName":"MODIFIED_DATE","label":"MODIFIED_DATE","parentObject":"Customerpractice.csv","pcType":"DATE","precision":19,"scale":0,"columnIndex":11,"isKey":false,"isWaterMarkKey":false,"isExternalId":false,"isSfIdLookup":false,"isNullable":true,"isUnique":false,"isCreateable":false,"isUpdateable":true,"isFilterable":true,"isCalculated":false,"filterType":"DATETIME","showLabel":false,"naturalOrder":0,"typeConfigFields":[],"typeConfigProperties":{},"linkedFields":["MODIFIED_DATE"],"relatedInfos":[],"references":[]},"expression":"MODIFIED_DATE"}],"sourceFields":[{"@type":"field","id":186484990,"name":"CUST_ID","type":"varchar","uniqueName":"CUST_ID","label":"CUST_ID","parentObject":"CUSTOMER","pcType":"STRING","precision":6,"scale":0,"columnIndex":0,"isKey":false,"isWaterMarkKey":false,"isExternalId":false,"isSfIdLookup":false,"isNullable":true,"isUnique":false,"isCreateable":false,"isUpdateable":true,"isFilterable":true,"isCalculated":false,"filterType":"STRING","showLabel":false,"naturalOrder":0,"typeConfigFields":[],"typeConfigProperties":{},"linkedFields":["CUST_ID"],"relatedInfos":[],"references":[]},{"@type":"field","id":186484993,"name":"NAME","type":"varchar","uniqueName":"NAME","label":"NAME","parentObject":"CUSTOMER","pcType":"STRING","precision":30,"scale":0,"columnIndex":1,"isKey":false,"isWaterMarkKey":false,"isExternalId":false,"isSfIdLookup":false,"isNullable":true,"isUnique":false,"isCreateable":false,"isUpdateable":true,"isFilterable":true,"isCalculated":false,"filterType":"STRING","showLabel":false,"naturalOrder":1,"typeConfigFields":[],"typeConfigProperties":{},"linkedFields":["NAME"],"relatedInfos":[],"references":[]},{"@type":"field","id":186484996,"name":"ADDRESS","type":"varchar","uniqueName":"ADDRESS","label":"ADDRESS","parentObject":"CUSTOMER","pcType":"STRING","precision":60,"scale":0,"columnIndex":2,"isKey":false,"isWaterMarkKey":false,"isExternalId":false,"isSfIdLookup":false,"isNullable":true,"isUnique":false,"isCreateable":false,"isUpdateable":true,"isFilterable":true,"isCalculated":false,"filterType":"STRING","showLabel":false,"naturalOrder":2,"typeConfigFields":[],"typeConfigProperties":{},"linkedFields":["ADDRESS"],"relatedInfos":[],"references":[]},{"@type":"field","id":186484999,"name":"CITY","type":"varchar","uniqueName":"CITY","label":"CITY","parentObject":"CUSTOMER","pcType":"STRING","precision":30,"scale":0,"columnIndex":3,"isKey":false,"isWaterMarkKey":false,"isExternalId":false,"isSfIdLookup":false,"isNullable":true,"isUnique":false,"isCreateable":false,"isUpdateable":true,"isFilterable":true,"isCalculated":false,"filterType":"STRING","showLabel":false,"naturalOrder":3,"typeConfigFields":[],"typeConfigProperties":{},"linkedFields":["CITY"],"relatedInfos":[],"references":[]},{"@type":"field","id":186485002,"name":"STATE","type":"varchar","uniqueName":"STATE","label":"STATE","parentObject":"CUSTOMER","pcType":"STRING","precision":2,"scale":0,"columnIndex":4,"isKey":false,"isWaterMarkKey":false,"isExternalId":false,"isSfIdLookup":false,"isNullable":true,"isUnique":false,"isCreateable":false,"isUpdateable":true,"isFilterable":true,"isCalculated":false,"filterType":"STRING","showLabel":false,"naturalOrder":4,"typeConfigFields":[],"typeConfigProperties":{},"linkedFields":["STATE"],"relatedInfos":[],"references":[]},{"@type":"field","id":186485005,"name":"POSTALCODE","type":"varchar","uniqueName":"POSTALCODE","label":"POSTALCODE","parentObject":"CUSTOMER","pcType":"STRING","precision":5,"scale":0,"columnIndex":5,"isKey":false,"isWaterMarkKey":false,"isExternalId":false,"isSfIdLookup":false,"isNullable":true,"isUnique":false,"isCreateable":false,"isUpdateable":true,"isFilterable":true,"isCalculated":false,"filterType":"STRING","showLabel":false,"naturalOrder":5,"typeConfigFields":[],"typeConfigProperties":{},"linkedFields":["POSTALCODE"],"relatedInfos":[],"references":[]},{"@type":"field","id":186485008,"name":"COUNTRY","type":"varchar","uniqueName":"COUNTRY","label":"COUNTRY","parentObject":"CUSTOMER","pcType":"STRING","precision":15,"scale":0,"columnIndex":6,"isKey":false,"isWaterMarkKey":false,"isExternalId":false,"isSfIdLookup":false,"isNullable":true,"isUnique":false,"isCreateable":false,"isUpdateable":true,"isFilterable":true,"isCalculated":false,"filterType":"STRING","showLabel":false,"naturalOrder":6,"typeConfigFields":[],"typeConfigProperties":{},"linkedFields":["COUNTRY"],"relatedInfos":[],"references":[]},{"@type":"field","id":186485011,"name":"PHONE","type":"varchar","uniqueName":"PHONE","label":"PHONE","parentObject":"CUSTOMER","pcType":"STRING","precision":20,"scale":0,"columnIndex":7,"isKey":false,"isWaterMarkKey":false,"isExternalId":false,"isSfIdLookup":false,"isNullable":true,"isUnique":false,"isCreateable":false,"isUpdateable":true,"isFilterable":true,"isCalculated":false,"filterType":"STRING","showLabel":false,"naturalOrder":7,"typeConfigFields":[],"typeConfigProperties":{},"linkedFields":["PHONE"],"relatedInfos":[],"references":[]},{"@type":"field","id":186485014,"name":"LAST_ORDER_DATE","type":"timestamp","uniqueName":"LAST_ORDER_DATE","label":"LAST_ORDER_DATE","parentObject":"CUSTOMER","pcType":"DATE","precision":23,"scale":3,"columnIndex":8,"isKey":false,"isWaterMarkKey":false,"isExternalId":false,"isSfIdLookup":false,"isNullable":true,"isUnique":false,"isCreateable":false,"isUpdateable":true,"isFilterable":true,"isCalculated":false,"filterType":"DATETIME","showLabel":false,"naturalOrder":8,"typeConfigFields":[],"typeConfigProperties":{},"linkedFields":["LAST_ORDER_DATE"],"relatedInfos":[],"references":[]},{"@type":"field","id":186485017,"name":"STATUS","type":"varchar","uniqueName":"STATUS","label":"STATUS","parentObject":"CUSTOMER","pcType":"STRING","precision":10,"scale":0,"columnIndex":9,"isKey":false,"isWaterMarkKey":false,"isExternalId":false,"isSfIdLookup":false,"isNullable":true,"isUnique":false,"isCreateable":false,"isUpdateable":true,"isFilterable":true,"isCalculated":false,"filterType":"STRING","showLabel":false,"naturalOrder":9,"typeConfigFields":[],"typeConfigProperties":{},"linkedFields":["STATUS"],"relatedInfos":[],"references":[]},{"@type":"field","id":186485020,"name":"TIER","type":"varchar","uniqueName":"TIER","label":"TIER","parentObject":"CUSTOMER","pcType":"STRING","precision":5,"scale":0,"columnIndex":10,"isKey":false,"isWaterMarkKey":false,"isExternalId":false,"isSfIdLookup":false,"isNullable":true,"isUnique":false,"isCreateable":false,"isUpdateable":true,"isFilterable":true,"isCalculated":false,"filterType":"STRING","showLabel":false,"naturalOrder":10,"typeConfigFields":[],"typeConfigProperties":{},"linkedFields":["TIER"],"relatedInfos":[],"references":[]},{"@type":"field","id":186485023,"name":"MODIFIED_DATE","type":"timestamp","uniqueName":"MODIFIED_DATE","label":"MODIFIED_DATE","parentObject":"CUSTOMER","pcType":"DATE","precision":23,"scale":3,"columnIndex":11,"isKey":false,"isWaterMarkKey":false,"isExternalId":false,"isSfIdLookup":false,"isNullable":true,"isUnique":false,"isCreateable":false,"isUpdateable":true,"isFilterable":true,"isCalculated":false,"filterType":"DATETIME","showLabel":false,"naturalOrder":11,"typeConfigFields":[],"typeConfigProperties":{},"linkedFields":["MODIFIED_DATE"],"relatedInfos":[],"references":[]}],"sortFields":[],"groupFields":[]}]