[{"@type":"mappingTemplate","id":"@1","name":"m_Snowflake_timestamp_2","description":"","bundleVersion":"0","templateId":"@3","deployTime":1688425039000,"hasParameters":false,"valid":false,"fixedConnection":true,"hasParametersDeployed":false,"fixedConnectionDeployed":true,"isSchemaValidationEnabled":false,"tasks":0,"mappingPreviewFileRecordId":"@2","documentType":"MAPPING","references":[{"@type":"reference","refObjectId":"@bb6bSuJfw0vhJebLZRNmGE","refType":"connection"},{"@type":"reference","refObjectId":"@8hEkvNUQgyJdgceYy6Ee0b","refType":"connection"}]}]