[{"@type":"mappingTemplate","id":"@1","name":"S3_repro_shivam","description":"","autoExpireObject":false,"bundleVersion":"0","assetFrsGuid":"0ZhEd12vbyIgs4FKSEYh27","templateId":"@3","deployTime":1677199065000,"hasParameters":false,"valid":true,"fixedConnection":true,"hasParametersDeployed":false,"fixedConnectionDeployed":true,"isSchemaValidationEnabled":false,"tasks":1,"mappingPreviewFileRecordId":"@2","documentType":"MAPPING","allowMaxFieldLength":false,"references":[{"@type":"reference","refObjectId":"@8Z85QHCud6LfE08HvvuDAk","refType":"connection"}]}]