[{"@type":"mappingTemplate","id":"@1","name":"m_FF_to_FF_mapplet","description":"","bundleVersion":"0","templateId":"@3","deployTime":1686331525000,"hasParameters":false,"valid":true,"fixedConnection":true,"hasParametersDeployed":false,"fixedConnectionDeployed":true,"isSchemaValidationEnabled":false,"tasks":1,"mappingPreviewFileRecordId":"@2","documentType":"MAPPING","references":[{"@type":"reference","refObjectId":"@0a0kPIkOhhigDvVU4xcFCU","refType":"connection"},{"@type":"reference","refObjectId":"@5pNmY7VrQVfkyfO4bdTToN","refType":"mappletTemplate"},{"@type":"reference","refObjectId":"@7zLpWDH0lAVhsEVJDdB3EP","refType":"mappletTemplate"}]}]