[{"@type":"mappingTemplate","id":"@1","name":"Oracle_to_ADLSGen2","description":"","bundleVersion":"0","templateId":"@3","deployTime":1683917741000,"hasParameters":false,"valid":true,"fixedConnection":true,"hasParametersDeployed":false,"fixedConnectionDeployed":true,"isSchemaValidationEnabled":false,"tasks":1,"mappingPreviewFileRecordId":"@2","documentType":"MAPPING","references":[{"@type":"reference","refObjectId":"@116vez42SY8frasbRWb5s9","refType":"connection"},{"@type":"reference","refObjectId":"@dxDnSCTwPe7ifOlZxc8SEh","refType":"connection"}]}]