[{"@type":"mappingTemplate","id":"@1","name":"R360_2","description":"","bundleVersion":"0","templateId":"@3","deployTime":1659632267000,"hasParameters":false,"valid":true,"fixedConnection":true,"hasParametersDeployed":false,"fixedConnectionDeployed":true,"isSchemaValidationEnabled":false,"tasks":1,"mappingPreviewFileRecordId":"@2","documentType":"MAPPING","references":[{"@type":"reference","refObjectId":"@0a0kPIkOhhigDvVU4xcFCU","refType":"connection"},{"@type":"reference","refObjectId":"@0YN2p6Vdw5Vbga5QXtUh6I","refType":"businessService"},{"@type":"reference","refObjectId":"@0YN2p6Vdw5Vbga5QXtUh6I@Import_CodeList_Mod2","refType":"businessOperation"}]}]