[{"@type":"mappingTemplate","id":"@1","name":"SnowflakeToOracle_repro_varchartovarchar2","description":"","autoExpireObject":false,"bundleVersion":"0","assetFrsGuid":"45O3hm3SS6NiWmKB6ClmgU","templateId":"@3","deployTime":1661901355000,"hasParameters":false,"valid":true,"fixedConnection":true,"hasParametersDeployed":false,"fixedConnectionDeployed":true,"isSchemaValidationEnabled":false,"tasks":0,"mappingPreviewFileRecordId":"@2","documentType":"MAPPING","allowMaxFieldLength":false,"references":[{"@type":"reference","refObjectId":"@8GQehdBoBFxcQWZNpl7B6m","refType":"connection"},{"@type":"reference","refObjectId":"@9USXwyHkQlGgRlk1CpCrA2","refType":"connection"}]}]