[{"@type":"drsTask","id":"@1","name":"Replication Task_OraToOra","maxLogs":10,"sourceConnectionId":"@9USXwyHkQlGgRlk1CpCrA2","targetConnectionId":"@116vez42SY8frasbRWb5s9","tablePrefix":"N_","verbose":false,"fullRefresh":true,"replicateAllObjects":false,"removeDeleted":true,"queryAll":false,"srcShowLabels":false,"maxRows":0,"stopOnError":true,"replicationObjects":["CUSTOMER","ORDERS","TOTALAMOUNT"],"excludedReplicationObjects":[],"majorUpdateTime":1685659843000,"metadataMode":0,"bulkApi":false,"base64BodySize":0.0,"bulkApiDBTarget":true,"fieldExclusions":[],"filters":[],"advancedFilters":[],"srcRuntimeAttrs":{"@type":"taskRuntimeAttrs","attrs":{}}}]