[{"@type":"mappingTemplate","id":"@1","name":"Mapping25","description":"","autoExpireObject":false,"bundleVersion":"0","assetFrsGuid":"k4VzKk4ut4Lkeq9TaH5dgH","templateId":"@3","deployTime":1686342797000,"hasParameters":false,"valid":true,"fixedConnection":true,"hasParametersDeployed":false,"fixedConnectionDeployed":true,"isSchemaValidationEnabled":false,"tasks":0,"mappingPreviewFileRecordId":"@2","documentType":"MAPPING","allowMaxFieldLength":false,"references":[{"@type":"reference","refObjectId":"@4tDw2qMFeLrgQoiLK67Iav","refType":"connection"}]}]