[{"@type":"mappingTemplate","id":"@1","name":"R360Mapping","description":"","bundleVersion":"0","templateId":"@3","deployTime":1656457158000,"hasParameters":false,"valid":false,"fixedConnection":true,"hasParametersDeployed":false,"fixedConnectionDeployed":true,"isSchemaValidationEnabled":false,"tasks":1,"mappingPreviewFileRecordId":"@2","documentType":"MAPPING","references":[{"@type":"reference","refObjectId":"@0a0kPIkOhhigDvVU4xcFCU","refType":"connection"},{"@type":"reference","refObjectId":"@3B5RrDPA63ckSwI1SUuuck@Import_CodeList_Mod2","refType":"businessOperation"},{"@type":"reference","refObjectId":"@3B5RrDPA63ckSwI1SUuuck","refType":"businessService"}]}]